sex,education,period,health,lead_health,transition_prob
Men,Low Education,0,Good Health,Good Health,0.9698522608386061
Men,Low Education,0,Good Health,Bad Health,0.030147739161393874
Men,Low Education,0,Bad Health,Good Health,0.24088813576532153
Men,Low Education,0,Bad Health,Bad Health,0.7591118642346785
Men,Low Education,1,Good Health,Good Health,0.9690564099776232
Men,Low Education,1,Good Health,Bad Health,0.030943590022376823
Men,Low Education,1,Bad Health,Good Health,0.23614649247575947
Men,Low Education,1,Bad Health,Bad Health,0.7638535075242405
Men,Low Education,2,Good Health,Good Health,0.9682402379464758
Men,Low Education,2,Good Health,Bad Health,0.031759762053524127
Men,Low Education,2,Bad Health,Good Health,0.2314697239876855
Men,Low Education,2,Bad Health,Bad Health,0.7685302760123145
Men,Low Education,3,Good Health,Good Health,0.9674032625910384
Men,Low Education,3,Good Health,Bad Health,0.03259673740896162
Men,Low Education,3,Bad Health,Good Health,0.2268580689581372
Men,Low Education,3,Bad Health,Bad Health,0.7731419310418628
Men,Low Education,4,Good Health,Good Health,0.9665449922762317
Men,Low Education,4,Good Health,Bad Health,0.03345500772376836
Men,Low Education,4,Bad Health,Good Health,0.22231171569124164
Men,Low Education,4,Bad Health,Bad Health,0.7776882843087584
Men,Low Education,5,Good Health,Good Health,0.9656649258065648
Men,Low Education,5,Good Health,Bad Health,0.034335074193435185
Men,Low Education,5,Bad Health,Good Health,0.21783080332611549
Men,Low Education,5,Bad Health,Bad Health,0.7821691966738845
Men,Low Education,6,Good Health,Good Health,0.9647625523526161
Men,Low Education,6,Good Health,Bad Health,0.035237447647383874
Men,Low Education,6,Bad Health,Good Health,0.2134154230718368
Men,Low Education,6,Bad Health,Bad Health,0.7865845769281632
Men,Low Education,7,Good Health,Good Health,0.9638373513839305
Men,Low Education,7,Good Health,Bad Health,0.0361626486160696
Men,Low Education,7,Bad Health,Good Health,0.209065619484615
Men,Low Education,7,Bad Health,Bad Health,0.790934380515385
Men,Low Education,8,Good Health,Good Health,0.9628887926088314
Men,Low Education,8,Good Health,Bad Health,0.037111207391168605
Men,Low Education,8,Bad Health,Good Health,0.20478139178236576
Men,Low Education,8,Bad Health,Bad Health,0.7952186082176342
Men,Low Education,9,Good Health,Good Health,0.9619163359216684
Men,Low Education,9,Good Health,Bad Health,0.03808366407833161
Men,Low Education,9,Bad Health,Good Health,0.20056269519199388
Men,Low Education,9,Bad Health,Bad Health,0.7994373048080061
Men,Low Education,10,Good Health,Good Health,0.9609194313580386
Men,Low Education,10,Good Health,Bad Health,0.039080568641961404
Men,Low Education,10,Bad Health,Good Health,0.1964094423247973
Men,Low Education,10,Bad Health,Bad Health,0.8035905576752027
Men,Low Education,11,Good Health,Good Health,0.9598975190585489
Men,Low Education,11,Good Health,Bad Health,0.040102480941451045
Men,Low Education,11,Bad Health,Good Health,0.19232150457553177
Men,Low Education,11,Bad Health,Bad Health,0.8076784954244682
Men,Low Education,12,Good Health,Good Health,0.9588500292417029
Men,Low Education,12,Good Health,Bad Health,0.04114997075829706
Men,Low Education,12,Bad Health,Good Health,0.18829871354080652
Men,Low Education,12,Bad Health,Bad Health,0.8117012864591935
Men,Low Education,13,Good Health,Good Health,0.9577763821865214
Men,Low Education,13,Good Health,Bad Health,0.042223617813478644
Men,Low Education,13,Bad Health,Good Health,0.18434086245263415
Men,Low Education,13,Bad Health,Bad Health,0.8156591375473659
Men,Low Education,14,Good Health,Good Health,0.9566759882255281
Men,Low Education,14,Good Health,Bad Health,0.04332401177447192
Men,Low Education,14,Bad Health,Good Health,0.18044770762310514
Men,Low Education,14,Bad Health,Bad Health,0.8195522923768949
Men,Low Education,15,Good Health,Good Health,0.9555482477487554
Men,Low Education,15,Good Health,Bad Health,0.04445175225124459
Men,Low Education,15,Bad Health,Good Health,0.17661896989632664
Men,Low Education,15,Bad Health,Bad Health,0.8233810301036734
Men,Low Education,16,Good Health,Good Health,0.9543925512194461
Men,Low Education,16,Good Health,Bad Health,0.04560744878055386
Men,Low Education,16,Bad Health,Good Health,0.17285433610392853
Men,Low Education,16,Bad Health,Bad Health,0.8271456638960715
Men,Low Education,17,Good Health,Good Health,0.9532082792021529
Men,Low Education,17,Good Health,Bad Health,0.04679172079784709
Men,Low Education,17,Bad Health,Good Health,0.16915346052062152
Men,Low Education,17,Bad Health,Bad Health,0.8308465394793785
Men,Low Education,18,Good Health,Good Health,0.9519948024039576
Men,Low Education,18,Good Health,Bad Health,0.0480051975960424
Men,Low Education,18,Bad Health,Good Health,0.16551596631646026
Men,Low Education,18,Bad Health,Bad Health,0.8344840336835397
Men,Low Education,19,Good Health,Good Health,0.950751481729557
Men,Low Education,19,Good Health,Bad Health,0.04924851827044293
Men,Low Education,19,Bad Health,Good Health,0.16194144700265412
Men,Low Education,19,Bad Health,Bad Health,0.8380585529973459
Men,Low Education,20,Good Health,Good Health,0.9494776683509831
Men,Low Education,20,Good Health,Bad Health,0.05052233164901683
Men,Low Education,20,Bad Health,Good Health,0.15842946786794743
Men,Low Education,20,Bad Health,Bad Health,0.8415705321320526
Men,Low Education,21,Good Health,Good Health,0.9481727037927475
Men,Low Education,21,Good Health,Bad Health,0.051827296207252474
Men,Low Education,21,Bad Health,Good Health,0.15497956740277585
Men,Low Education,21,Bad Health,Bad Health,0.8450204325972241
Men,Low Education,22,Good Health,Good Health,0.9468359200332227
Men,Low Education,22,Good Health,Bad Health,0.053164079966777286
Men,Low Education,22,Bad Health,Good Health,0.15159125870858514
Men,Low Education,22,Bad Health,Bad Health,0.8484087412914149
Men,Low Education,23,Good Health,Good Health,0.9454666396230924
Men,Low Education,23,Good Health,Bad Health,0.054533360376907584
Men,Low Education,23,Bad Health,Good Health,0.1482640308898897
Men,Low Education,23,Bad Health,Bad Health,0.8517359691101103
Men,Low Education,24,Good Health,Good Health,0.9440641758217234
Men,Low Education,24,Good Health,Bad Health,0.055935824178276625
Men,Low Education,24,Bad Health,Good Health,0.14499735042682138
Men,Low Education,24,Bad Health,Bad Health,0.8550026495731786
Men,Low Education,25,Good Health,Good Health,0.9426278327523311
Men,Low Education,25,Good Health,Bad Health,0.057372167247668915
Men,Low Education,25,Bad Health,Good Health,0.1417906625260974
Men,Low Education,25,Bad Health,Bad Health,0.8582093374739026
Men,Low Education,26,Good Health,Good Health,0.9411569055768291
Men,Low Education,26,Good Health,Bad Health,0.05884309442317091
Men,Low Education,26,Bad Health,Good Health,0.1386433924485212
Men,Low Education,26,Bad Health,Bad Health,0.8613566075514788
Men,Low Education,27,Good Health,Good Health,0.9396506806912693
Men,Low Education,27,Good Health,Bad Health,0.0603493193087307
Men,Low Education,27,Bad Health,Good Health,0.13555494681128655
Men,Low Education,27,Bad Health,Bad Health,0.8644450531887135
Men,Low Education,28,Good Health,Good Health,0.9381084359427954
Men,Low Education,28,Good Health,Bad Health,0.06189156405720469
Men,Low Education,28,Bad Health,Good Health,0.1325247148635348
Men,Low Education,28,Bad Health,Bad Health,0.8674752851364652
Men,Low Education,29,Good Health,Good Health,0.9365294408690455
Men,Low Education,29,Good Health,Bad Health,0.06347055913095441
Men,Low Education,29,Bad Health,Good Health,0.12955206973377353
Men,Low Education,29,Bad Health,Bad Health,0.8704479302662265
Men,Low Education,30,Good Health,Good Health,0.9349129569609553
Men,Low Education,30,Good Health,Bad Health,0.06508704303904471
Men,Low Education,30,Bad Health,Good Health,0.1266363696479178
Men,Low Education,30,Bad Health,Bad Health,0.8733636303520822
Men,Low Education,31,Good Health,Good Health,0.9332582379499155
Men,Low Education,31,Good Health,Bad Health,0.06674176205008456
Men,Low Education,31,Bad Health,Good Health,0.12377695911687436
Men,Low Education,31,Bad Health,Bad Health,0.8762230408831256
Men,Low Education,32,Good Health,Good Health,0.9315645301202565
Men,Low Education,32,Good Health,Bad Health,0.06843546987974346
Men,Low Education,32,Bad Health,Good Health,0.12097317009273001
Men,Low Education,32,Bad Health,Bad Health,0.87902682990727
Men,Low Education,33,Good Health,Good Health,0.9298310726480293
Men,Low Education,33,Good Health,Bad Health,0.07016892735197071
Men,Low Education,33,Bad Health,Good Health,0.11822432309274555
Men,Low Education,33,Bad Health,Bad Health,0.8817756769072544
Men,Low Education,34,Good Health,Good Health,0.928057097967058
Men,Low Education,34,Good Health,Bad Health,0.07194290203294193
Men,Low Education,34,Bad Health,Good Health,0.11552972829049535
Men,Low Education,34,Bad Health,Bad Health,0.8844702717095047
Men,Low Education,35,Good Health,Good Health,0.9262418321632431
Men,Low Education,35,Good Health,Bad Health,0.07375816783675694
Men,Low Education,35,Bad Health,Good Health,0.11288868657361217
Men,Low Education,35,Bad Health,Bad Health,0.8871113134263878
Men,Low Education,36,Good Health,Good Health,0.9243844953980838
Men,Low Education,36,Good Health,Bad Health,0.07561550460191628
Men,Low Education,36,Bad Health,Good Health,0.11030049056772373
Men,Low Education,36,Bad Health,Bad Health,0.8896995094322763
Men,Low Education,37,Good Health,Good Health,0.9224843023623899
Men,Low Education,37,Good Health,Bad Health,0.0775156976376101
Men,Low Education,37,Bad Health,Good Health,0.10776442562628097
Men,Low Education,37,Bad Health,Bad Health,0.892235574373719
Men,Low Education,38,Good Health,Good Health,0.9205404627611369
Men,Low Education,38,Good Health,Bad Health,0.07945953723886306
Men,Low Education,38,Bad Health,Good Health,0.10527977078608386
Men,Low Education,38,Bad Health,Bad Health,0.8947202292139161
Men,Low Education,39,Good Health,Good Health,0.9185521818304073
Men,Low Education,39,Good Health,Bad Health,0.08144781816959269
Men,Low Education,39,Bad Health,Good Health,0.10284579968841401
Men,Low Education,39,Bad Health,Bad Health,0.897154200311586
Men,Low Education,40,Good Health,Good Health,0.9165186608873421
Men,Low Education,40,Good Health,Bad Health,0.08348133911265784
Men,Low Education,40,Bad Health,Good Health,0.10046178146577533
Men,Low Education,40,Bad Health,Bad Health,0.8995382185342247
Men,Low Education,41,Good Health,Good Health,0.9144390979140046
Men,Low Education,41,Good Health,Bad Health,0.08556090208599539
Men,Low Education,41,Bad Health,Good Health,0.09812698159433986
Men,Low Education,41,Bad Health,Bad Health,0.9018730184056601
Men,Low Education,42,Good Health,Good Health,0.912312688176028
Men,Low Education,42,Good Health,Bad Health,0.08768731182397205
Men,Low Education,42,Bad Health,Good Health,0.09584066271226854
Men,Low Education,42,Bad Health,Bad Health,0.9041593372877315
Men,Low Education,43,Good Health,Good Health,0.9101386248768895
Men,Low Education,43,Good Health,Bad Health,0.08986137512311058
Men,Low Education,43,Bad Health,Good Health,0.09360208540415904
Men,Low Education,43,Bad Health,Bad Health,0.906397914595841
Men,Low Education,44,Good Health,Good Health,0.9079160998486129
Men,Low Education,44,Good Health,Bad Health,0.09208390015138714
Men,Low Education,44,Bad Health,Good Health,0.09141050895194425
Men,Low Education,44,Bad Health,Bad Health,0.9085894910480558
Men,Low Education,45,Good Health,Good Health,0.9056443042796584
Men,Low Education,45,Good Health,Bad Health,0.09435569572034162
Men,Low Education,45,Bad Health,Good Health,0.08926519205262451
Men,Low Education,45,Bad Health,Bad Health,0.9107348079473755
Men,Low Education,46,Good Health,Good Health,0.903322429480708
Men,Low Education,46,Good Health,Bad Health,0.09667757051929207
Men,Low Education,46,Bad Health,Good Health,0.08716539350327879
Men,Low Education,46,Bad Health,Bad Health,0.9128346064967212
Men,Low Education,47,Good Health,Good Health,0.9009496676889994
Men,Low Education,47,Good Health,Bad Health,0.09905033231100052
Men,Low Education,47,Bad Health,Good Health,0.08511037285385292
Men,Low Education,47,Bad Health,Bad Health,0.9148896271461471
Men,Low Education,48,Good Health,Good Health,0.8985252129117999
Men,Low Education,48,Good Health,Bad Health,0.10147478708820012
Men,Low Education,48,Bad Health,Good Health,0.08309939102827235
Men,Low Education,48,Bad Health,Bad Health,0.9169006089717276
Men,Low Education,49,Good Health,Good Health,0.8960482618095353
Men,Low Education,49,Good Health,Bad Health,0.10395173819046466
Men,Low Education,49,Bad Health,Good Health,0.08113171091446669
Men,Low Education,49,Bad Health,Bad Health,0.9188682890855333
Men,Low Education,50,Good Health,Good Health,0.8935180146190242
Men,Low Education,50,Good Health,Bad Health,0.10648198538097577
Men,Low Education,50,Bad Health,Good Health,0.07920659792393547
Men,Low Education,50,Bad Health,Bad Health,0.9207934020760645
Men,Low Education,51,Good Health,Good Health,0.8909336761171694
Men,Low Education,51,Good Health,Bad Health,0.10906632388283057
Men,Low Education,51,Bad Health,Good Health,0.07732332052151669
Men,Low Education,51,Bad Health,Bad Health,0.9226766794784833
Men,Low Education,52,Good Health,Good Health,0.8882944566253782
Men,Low Education,52,Good Health,Bad Health,0.1117055433746218
Men,Low Education,52,Bad Health,Good Health,0.07548115072604789
Men,Low Education,52,Bad Health,Bad Health,0.9245188492739521
Men,Low Education,53,Good Health,Good Health,0.8855995730548765
Men,Low Education,53,Good Health,Bad Health,0.11440042694512349
Men,Low Education,53,Bad Health,Good Health,0.07367936458263724
Men,Low Education,53,Bad Health,Bad Health,0.9263206354173628
Men,Low Education,54,Good Health,Good Health,0.8828482499929768
Men,Low Education,54,Good Health,Bad Health,0.11715175000702312
Men,Low Education,54,Bad Health,Good Health,0.07191724260728227
Men,Low Education,54,Bad Health,Bad Health,0.9280827573927177
Men,Low Education,55,Good Health,Good Health,0.8800397208302437
Men,Low Education,55,Good Health,Bad Health,0.11996027916975631
Men,Low Education,55,Bad Health,Good Health,0.07019407020459101
Men,Low Education,55,Bad Health,Bad Health,0.929805929795409
Men,Low Education,56,Good Health,Good Health,0.8771732289283741
Men,Low Education,56,Good Health,Bad Health,0.12282677107162586
Men,Low Education,56,Bad Health,Good Health,0.06850913805937697
Men,Low Education,56,Bad Health,Bad Health,0.931490861940623
Men,Low Education,57,Good Health,Good Health,0.8742480288284825
Men,Low Education,57,Good Health,Bad Health,0.12575197117151748
Men,Low Education,57,Bad Health,Good Health,0.06686174250290533
Men,Low Education,57,Bad Health,Bad Health,0.9331382574970947
Men,Low Education,58,Good Health,Good Health,0.8712633874993317
Men,Low Education,58,Good Health,Bad Health,0.12873661250066826
Men,Low Education,58,Bad Health,Good Health,0.065251185854582
Men,Low Education,58,Bad Health,Bad Health,0.934748814145418
Men,Low Education,59,Good Health,Good Health,0.8682185856249085
Men,Low Education,59,Good Health,Bad Health,0.13178141437509144
Men,Low Education,59,Bad Health,Good Health,0.06367677673987804
Men,Low Education,59,Bad Health,Bad Health,0.936323223260122
Men,Low Education,60,Good Health,Good Health,0.86511291893058
Men,Low Education,60,Good Health,Bad Health,0.13488708106942
Men,Low Education,60,Bad Health,Good Health,0.062137830385285864
Men,Low Education,60,Bad Health,Bad Health,0.9378621696147141
Men,Low Education,61,Good Health,Good Health,0.8619456995469024
Men,Low Education,61,Good Health,Bad Health,0.1380543004530977
Men,Low Education,61,Bad Health,Good Health,0.06063366889110222
Men,Low Education,61,Bad Health,Bad Health,0.9393663311088978
Men,Low Education,62,Good Health,Good Health,0.8587162574099794
Men,Low Education,62,Good Health,Bad Health,0.1412837425900206
Men,Low Education,62,Bad Health,Good Health,0.059163621482834494
Men,Low Education,62,Bad Health,Bad Health,0.9408363785171655
Men,Low Education,63,Good Health,Good Health,0.8554239416970854
Men,Low Education,63,Good Health,Bad Health,0.14457605830291462
Men,Low Education,63,Bad Health,Good Health,0.057727024742018185
Men,Low Education,63,Bad Health,Bad Health,0.9422729752579818
Men,Low Education,64,Good Health,Good Health,0.8520681222960766
Men,Low Education,64,Good Health,Bad Health,0.14793187770392338
Men,Low Education,64,Bad Health,Good Health,0.05632322281722968
Men,Low Education,64,Bad Health,Bad Health,0.9436767771827703
Men,Low Education,65,Good Health,Good Health,0.84864819130692
Men,Low Education,65,Good Health,Bad Health,0.15135180869308
Men,Low Education,65,Bad Health,Good Health,0.05495156761607045
Men,Low Education,65,Bad Health,Bad Health,0.9450484323839295
Men,Low Education,66,Good Health,Good Health,0.8451635645734621
Men,Low Education,66,Good Health,Bad Health,0.1548364354265379
Men,Low Education,66,Bad Health,Good Health,0.05361141897889077
Men,Low Education,66,Bad Health,Bad Health,0.9463885810211092
Men,Low Education,67,Good Health,Good Health,0.8416136832433525
Men,Low Education,67,Good Health,Bad Health,0.1583863167566475
Men,Low Education,67,Bad Health,Good Health,0.052302144835005504
Men,Low Education,67,Bad Health,Bad Health,0.9476978551649945
Men,Low Education,68,Good Health,Good Health,0.8379980153538193
Men,Low Education,68,Good Health,Bad Health,0.1620019846461806
Men,Low Education,68,Bad Health,Good Health,0.05102312134214859
Men,Low Education,68,Bad Health,Bad Health,0.9489768786578514
Men,Low Education,69,Good Health,Good Health,0.8343160574407744
Men,Low Education,69,Good Health,Bad Health,0.16568394255922558
Men,Low Education,69,Bad Health,Good Health,0.04977373300989618
Men,Low Education,69,Bad Health,Bad Health,0.9502262669901038
Men,Low Education,70,Good Health,Good Health,0.830567336168499
Men,Low Education,70,Good Health,Bad Health,0.169432663831501
Men,Low Education,70,Bad Health,Good Health,0.04855337280777405
Men,Low Education,70,Bad Health,Bad Health,0.951446627192226
Men,High Education,0,Good Health,Good Health,0.984597327319682
Men,High Education,0,Good Health,Bad Health,0.015402672680317975
Men,High Education,0,Bad Health,Good Health,0.35512915298155123
Men,High Education,0,Bad Health,Bad Health,0.6448708470184488
Men,High Education,1,Good Health,Good Health,0.9841034518273107
Men,High Education,1,Good Health,Bad Health,0.015896548172689286
Men,High Education,1,Bad Health,Good Health,0.34654408765934286
Men,High Education,1,Bad Health,Bad Health,0.6534559123406571
Men,High Education,2,Good Health,Good Health,0.9835940044422411
Men,High Education,2,Good Health,Bad Health,0.016405995557758936
Men,High Education,2,Bad Health,Good Health,0.3380577643582984
Men,High Education,2,Bad Health,Bad Health,0.6619422356417016
Men,High Education,3,Good Health,Good Health,0.9830685113527525
Men,High Education,3,Good Health,Bad Health,0.016931488647247486
Men,High Education,3,Bad Health,Good Health,0.3296744124035548
Men,High Education,3,Bad Health,Bad Health,0.6703255875964452
Men,High Education,4,Good Health,Good Health,0.9825264854466345
Men,High Education,4,Good Health,Bad Health,0.01747351455336555
Men,High Education,4,Bad Health,Good Health,0.32139801466415907
Men,High Education,4,Bad Health,Bad Health,0.6786019853358409
Men,High Education,5,Good Health,Good Health,0.981967426011072
Men,High Education,5,Good Health,Bad Health,0.018032573988928036
Men,High Education,5,Bad Health,Good Health,0.3132323030925477
Men,High Education,5,Bad Health,Bad Health,0.6867676969074523
Men,High Education,6,Good Health,Good Health,0.9813908184307747
Men,High Education,6,Good Health,Bad Health,0.018609181569225346
Men,High Education,6,Bad Health,Good Health,0.30518075541159373
Men,High Education,6,Bad Health,Bad Health,0.6948192445884063
Men,High Education,7,Good Health,Good Health,0.9807961338847463
Men,High Education,7,Good Health,Bad Health,0.01920386611525373
Men,High Education,7,Bad Health,Good Health,0.29724659292616584
Men,High Education,7,Bad Health,Bad Health,0.7027534070738342
Men,High Education,8,Good Health,Good Health,0.9801828290421284
Men,High Education,8,Good Health,Bad Health,0.019817170957871597
Men,High Education,8,Bad Health,Good Health,0.2894327794287306
Men,High Education,8,Bad Health,Bad Health,0.7105672205712694
Men,High Education,9,Good Health,Good Health,0.9795503457575901
Men,High Education,9,Good Health,Bad Health,0.02044965424240982
Men,High Education,9,Bad Health,Good Health,0.2817420211617805
Men,High Education,9,Bad Health,Bad Health,0.7182579788382195
Men,High Education,10,Good Health,Good Health,0.9788981107667756
Men,High Education,10,Good Health,Bad Health,0.02110188923322448
Men,High Education,10,Bad Health,Good Health,0.2741767677937993
Men,High Education,10,Bad Health,Bad Health,0.7258232322062007
Men,High Education,11,Good Health,Good Health,0.9782255353823622
Men,High Education,11,Good Health,Bad Health,0.021774464617637816
Men,High Education,11,Bad Health,Good Health,0.2667392143601407
Men,High Education,11,Bad Health,Bad Health,0.7332607856398593
Men,High Education,12,Good Health,Good Health,0.9775320151913314
Men,High Education,12,Good Health,Bad Health,0.022467984808668583
Men,High Education,12,Bad Health,Good Health,0.25943130411559845
Men,High Education,12,Bad Health,Bad Health,0.7405686958844016
Men,High Education,13,Good Health,Good Health,0.9768169297540937
Men,High Education,13,Good Health,Bad Health,0.023183070245906313
Men,High Education,13,Bad Health,Good Health,0.2522547322416063
Men,High Education,13,Bad Health,Bad Health,0.7477452677583937
Men,High Education,14,Good Health,Good Health,0.9760796423061661
Men,High Education,14,Good Health,Bad Health,0.023920357693833952
Men,High Education,14,Bad Health,Good Health,0.24521095034790397
Men,High Education,14,Bad Health,Bad Health,0.754789049652096
Men,High Education,15,Good Health,Good Health,0.9753194994631474
Men,High Education,15,Good Health,Bad Health,0.024680500536852536
Men,High Education,15,Bad Health,Good Health,0.23830117170614817
Men,High Education,15,Bad Health,Bad Health,0.7616988282938518
Men,High Education,16,Good Health,Good Health,0.9745358309297937
Men,High Education,16,Good Health,Bad Health,0.025464169070206294
Men,High Education,16,Bad Health,Good Health,0.23152637715130098
Men,High Education,16,Bad Health,Bad Health,0.768473622848699
Men,High Education,17,Good Health,Good Health,0.9737279492140496
Men,High Education,17,Good Health,Bad Health,0.026272050785950372
Men,High Education,17,Bad Health,Good Health,0.22488732158564861
Men,High Education,17,Bad Health,Bad Health,0.7751126784143514
Men,High Education,18,Good Health,Good Health,0.9728951493469563
Men,High Education,18,Good Health,Bad Health,0.027104850653043692
Men,High Education,18,Bad Health,Good Health,0.2183845410199925
Men,High Education,18,Bad Health,Bad Health,0.7816154589800075
Men,High Education,19,Good Health,Good Health,0.9720367086094126
Men,High Education,19,Good Health,Bad Health,0.02796329139058738
Men,High Education,19,Bad Health,Good Health,0.21201836008681307
Men,High Education,19,Bad Health,Bad Health,0.7879816399131869
Men,High Education,20,Good Health,Good Health,0.9711518862668351
Men,High Education,20,Good Health,Bad Health,0.028848113733164916
Men,High Education,20,Bad Health,Good Health,0.20578889996104532
Men,High Education,20,Bad Health,Bad Health,0.7942111000389547
Men,High Education,21,Good Health,Good Health,0.9702399233128279
Men,High Education,21,Good Health,Bad Health,0.029760076687172114
Men,High Education,21,Bad Health,Good Health,0.1996960866254216
Men,High Education,21,Bad Health,Bad Health,0.8003039133745784
Men,High Education,22,Good Health,Good Health,0.9693000422230439
Men,High Education,22,Good Health,Bad Health,0.03069995777695611
Men,High Education,22,Bad Health,Good Health,0.1937396594191142
Men,High Education,22,Bad Health,Bad Health,0.8062603405808858
Men,High Education,23,Good Health,Good Health,0.9683314467204909
Men,High Education,23,Good Health,Bad Health,0.031668553279509175
Men,High Education,23,Bad Health,Good Health,0.1879191798105787
Men,High Education,23,Bad Health,Bad Health,0.8120808201894213
Men,High Education,24,Good Health,Good Health,0.9673333215536116
Men,High Education,24,Good Health,Bad Health,0.032666678446388396
Men,High Education,24,Bad Health,Good Health,0.1822340403379904
Men,High Education,24,Bad Health,Bad Health,0.8177659596620096
Men,High Education,25,Good Health,Good Health,0.9663048322885449
Men,High Education,25,Good Health,Bad Health,0.03369516771145508
Men,High Education,25,Bad Health,Good Health,0.17668347366346804
Men,High Education,25,Bad Health,Bad Health,0.823316526336532
Men,High Education,26,Good Health,Good Health,0.9652451251170535
Men,High Education,26,Good Health,Bad Health,0.03475487488294651
Men,High Education,26,Bad Health,Good Health,0.17126656169028076
Men,High Education,26,Bad Health,Bad Health,0.8287334383097192
Men,High Education,27,Good Health,Good Health,0.9641533266816881
Men,High Education,27,Good Health,Bad Health,0.03584667331831197
Men,High Education,27,Bad Health,Good Health,0.16598224469543776
Men,High Education,27,Bad Health,Bad Health,0.8340177553045622
Men,High Education,28,Good Health,Good Health,0.9630285439198414
Men,High Education,28,Good Health,Bad Health,0.036971456080158636
Men,High Education,28,Bad Health,Good Health,0.16082933043338632
Men,High Education,28,Bad Health,Bad Health,0.8391706695666137
Men,High Education,29,Good Health,Good Health,0.9618698639284324
Men,High Education,29,Good Health,Bad Health,0.03813013607156756
Men,High Education,29,Bad Health,Good Health,0.15580650316995504
Men,High Education,29,Bad Health,Bad Health,0.844193496830045
Men,High Education,30,Good Health,Good Health,0.9606763538510494
Men,High Education,30,Good Health,Bad Health,0.03932364614895062
Men,High Education,30,Bad Health,Good Health,0.15091233260914105
Men,High Education,30,Bad Health,Bad Health,0.849087667390859
Men,High Education,31,Good Health,Good Health,0.9594470607894707
Men,High Education,31,Good Health,Bad Health,0.04055293921052926
Men,High Education,31,Bad Health,Good Health,0.14614528267879912
Men,High Education,31,Bad Health,Bad Health,0.8538547173212009
Men,High Education,32,Good Health,Good Health,0.9581810117415756
Men,High Education,32,Good Health,Bad Health,0.04181898825842446
Men,High Education,32,Bad Health,Good Health,0.14150372014473223
Men,High Education,32,Bad Health,Bad Health,0.8584962798552678
Men,High Education,33,Good Health,Good Health,0.9568772135677465
Men,High Education,33,Good Health,Bad Health,0.043122786432253576
Men,High Education,33,Bad Health,Good Health,0.13698592302605805
Men,High Education,33,Bad Health,Bad Health,0.863014076973942
Men,High Education,34,Good Health,Good Health,0.9555346529879626
Men,High Education,34,Good Health,Bad Health,0.044465347012037366
Men,High Education,34,Bad Health,Good Health,0.13259008878802014
Men,High Education,34,Bad Health,Bad Health,0.8674099112119799
Men,High Education,35,Good Health,Good Health,0.9541522966118752
Men,High Education,35,Good Health,Bad Health,0.045847703388124814
Men,High Education,35,Bad Health,Good Health,0.12831434229159433
Men,High Education,35,Bad Health,Bad Health,0.8716856577084057
Men,High Education,36,Good Health,Good Health,0.9527290910042497
Men,High Education,36,Good Health,Bad Health,0.04727090899575023
Men,High Education,36,Bad Health,Good Health,0.12415674348230421
Men,High Education,36,Bad Health,Bad Health,0.8758432565176958
Men,High Education,37,Good Health,Good Health,0.9512639627882573
Men,High Education,37,Good Health,Bad Health,0.04873603721174272
Men,High Education,37,Bad Health,Good Health,0.1201152948035662
Men,High Education,37,Bad Health,Bad Health,0.8798847051964338
Men,High Education,38,Good Health,Good Health,0.9497558187891848
Men,High Education,38,Good Health,Bad Health,0.05024418121081515
Men,High Education,38,Bad Health,Good Health,0.11618794832264878
Men,High Education,38,Bad Health,Bad Health,0.8838120516773512
Men,High Education,39,Good Health,Good Health,0.9482035462212317
Men,High Education,39,Good Health,Bad Health,0.05179645377876827
Men,High Education,39,Bad Health,Good Health,0.11237261255992348
Men,High Education,39,Bad Health,Bad Health,0.8876273874400765
Men,High Education,40,Good Health,Good Health,0.9466060129201432
Men,High Education,40,Good Health,Bad Health,0.053393987079856715
Men,High Education,40,Bad Health,Good Health,0.10866715901450408
Men,High Education,40,Bad Health,Bad Health,0.8913328409854959
Men,High Education,41,Good Health,Good Health,0.9449620676245243
Men,High Education,41,Good Health,Bad Health,0.055037932375475766
Men,High Education,41,Bad Health,Good Health,0.10506942838162303
Men,High Education,41,Bad Health,Bad Health,0.894930571618377
Men,High Education,42,Good Health,Good Health,0.9432705403087538
Men,High Education,42,Good Health,Bad Health,0.056729459691246244
Men,High Education,42,Bad Health,Good Health,0.10157723645915584
Men,High Education,42,Bad Health,Bad Health,0.8984227635408442
Men,High Education,43,Good Health,Good Health,0.9415302425705053
Men,High Education,43,Good Health,Bad Health,0.05846975742949472
Men,High Education,43,Bad Health,Good Health,0.09818837974260786
Men,High Education,43,Bad Health,Bad Health,0.9018116202573921
Men,High Education,44,Good Health,Good Health,0.9397399680759462
Men,High Education,44,Good Health,Bad Health,0.06026003192405378
Men,High Education,44,Bad Health,Good Health,0.09490064070958493
Men,High Education,44,Bad Health,Bad Health,0.9050993592904151
Men,High Education,45,Good Health,Good Health,0.9378984930657613
Men,High Education,45,Good Health,Bad Health,0.06210150693423863
Men,High Education,45,Bad Health,Good Health,0.09171179279632702
Men,High Education,45,Bad Health,Bad Health,0.908288207203673
Men,High Education,46,Good Health,Good Health,0.9360045769252022
Men,High Education,46,Good Health,Bad Health,0.0639954230747978
Men,High Education,46,Bad Health,Good Health,0.08861960507026001
Men,High Education,46,Bad Health,Bad Health,0.91138039492974
Men,High Education,47,Good Health,Good Health,0.9340569628214183
Men,High Education,47,Good Health,Bad Health,0.06594303717858173
Men,High Education,47,Bad Health,Good Health,0.08562184660374872
Men,High Education,47,Bad Health,Bad Health,0.9143781533962513
Men,High Education,48,Good Health,Good Health,0.9320543784113673
Men,High Education,48,Good Health,Bad Health,0.06794562158863267
Men,High Education,48,Bad Health,Good Health,0.08271629055529661
Men,High Education,48,Bad Health,Bad Health,0.9172837094447034
Men,High Education,49,Good Health,Good Health,0.9299955366236337
Men,High Education,49,Good Health,Bad Health,0.07000446337636629
Men,High Education,49,Bad Health,Good Health,0.07990071796537568
Men,High Education,49,Bad Health,Bad Health,0.9200992820346243
Men,High Education,50,Good Health,Good Health,0.9278791365175033
Men,High Education,50,Good Health,Bad Health,0.07212086348249673
Men,High Education,50,Bad Health,Good Health,0.07717292127484776
Men,High Education,50,Bad Health,Bad Health,0.9228270787251522
Men,High Education,51,Good Health,Good Health,0.9257038642226503
Men,High Education,51,Good Health,Bad Health,0.07429613577734975
Men,High Education,51,Bad Health,Good Health,0.07453070757460534
Men,High Education,51,Bad Health,Bad Health,0.9254692924253947
Men,High Education,52,Good Health,Good Health,0.9234683939627819
Men,High Education,52,Good Health,Bad Health,0.07653160603721809
Men,High Education,52,Bad Health,Good Health,0.07197190159560296
Men,High Education,52,Bad Health,Bad Health,0.928028098404397
Men,High Education,53,Good Health,Good Health,0.9211713891665619
Men,High Education,53,Good Health,Bad Health,0.07882861083343809
Men,High Education,53,Bad Health,Good Health,0.06949434844887914
Men,High Education,53,Bad Health,Bad Health,0.9305056515511209
Men,High Education,54,Good Health,Good Health,0.9188115036690909
Men,High Education,54,Good Health,Bad Health,0.08118849633090913
Men,High Education,54,Bad Health,Good Health,0.06709591612550225
Men,High Education,54,Bad Health,Bad Health,0.9329040838744977
Men,High Education,55,Good Health,Good Health,0.9163873830071592
Men,High Education,55,Good Health,Bad Health,0.08361261699284082
Men,High Education,55,Bad Health,Good Health,0.06477449776660738
Men,High Education,55,Bad Health,Bad Health,0.9352255022333926
Men,High Education,56,Good Health,Good Health,0.9138976658114032
Men,High Education,56,Good Health,Bad Health,0.08610233418859678
Men,High Education,56,Bad Health,Good Health,0.0625280137138502
Men,High Education,56,Bad Health,Bad Health,0.9374719862861498
Men,High Education,57,Good Health,Good Health,0.9113409852983898
Men,High Education,57,Good Health,Bad Health,0.08865901470161014
Men,High Education,57,Bad Health,Good Health,0.06035441335067493
Men,High Education,57,Bad Health,Bad Health,0.9396455866493251
Men,High Education,58,Good Health,Good Health,0.9087159708655215
Men,High Education,58,Good Health,Bad Health,0.09128402913447847
Men,High Education,58,Bad Health,Good Health,0.058251676744807135
Men,High Education,58,Bad Health,Bad Health,0.9417483232551929
Men,High Education,59,Good Health,Good Health,0.9060212497914962
Men,High Education,59,Good Health,Bad Health,0.0939787502085038
Men,High Education,59,Bad Health,Good Health,0.05621781610232768
Men,High Education,59,Bad Health,Bad Health,0.9437821838976723
Men,High Education,60,Good Health,Good Health,0.9032554490448708
Men,High Education,60,Good Health,Bad Health,0.0967445509551292
Men,High Education,60,Bad Health,Good Health,0.054250877043579004
Men,High Education,60,Bad Health,Bad Health,0.945749122956421
Men,High Education,61,Good Health,Good Health,0.9004171972030591
Men,High Education,61,Good Health,Bad Health,0.09958280279694091
Men,High Education,61,Bad Health,Good Health,0.05234893971100463
Men,High Education,61,Bad Health,Bad Health,0.9476510602889954
Men,High Education,62,Good Health,Good Health,0.8975051264838476
Men,High Education,62,Good Health,Bad Health,0.10249487351615244
Men,High Education,62,Bad Health,Good Health,0.050510119718827684
Men,High Education,62,Bad Health,Bad Health,0.9494898802811723
Men,High Education,63,Good Health,Good Health,0.8945178748912315
Men,High Education,63,Good Health,Bad Health,0.10548212510876848
Men,High Education,63,Bad Health,Good Health,0.04873256895424771
Men,High Education,63,Bad Health,Bad Health,0.9512674310457523
Men,High Education,64,Good Health,Good Health,0.8914540884770569
Men,High Education,64,Good Health,Bad Health,0.10854591152294316
Men,High Education,64,Bad Health,Good Health,0.04701447623958033
Men,High Education,64,Bad Health,Bad Health,0.9529855237604197
Men,High Education,65,Good Health,Good Health,0.8883124237196002
Men,High Education,65,Good Health,Bad Health,0.11168757628039983
Men,High Education,65,Bad Health,Good Health,0.04535406786447849
Men,High Education,65,Bad Health,Bad Health,0.9546459321355215
Men,High Education,66,Good Health,Good Health,0.8850915500198304
Men,High Education,66,Good Health,Bad Health,0.11490844998016964
Men,High Education,66,Bad Health,Good Health,0.043749607997081275
Men,High Education,66,Bad Health,Bad Health,0.9562503920029187
Men,High Education,67,Good Health,Good Health,0.8817901523156647
Men,High Education,67,Good Health,Bad Health,0.11820984768433528
Men,High Education,67,Bad Health,Good Health,0.04219939898261138
Men,High Education,67,Bad Health,Bad Health,0.9578006010173886
Men,High Education,68,Good Health,Good Health,0.8784069338140638
Men,High Education,68,Good Health,Bad Health,0.12159306618593628
Men,High Education,68,Bad Health,Good Health,0.04070178153762205
Men,High Education,68,Bad Health,Bad Health,0.959298218462378
Men,High Education,69,Good Health,Good Health,0.8749406188402993
Men,High Education,69,Good Health,Bad Health,0.1250593811597007
Men,High Education,69,Bad Health,Good Health,0.039255134847753226
Men,High Education,69,Bad Health,Bad Health,0.9607448651522468
Men,High Education,70,Good Health,Good Health,0.8713899558031806
Men,High Education,70,Good Health,Bad Health,0.1286100441968194
Men,High Education,70,Bad Health,Good Health,0.03785787657652173
Men,High Education,70,Bad Health,Bad Health,0.9621421234234783
Women,Low Education,0,Good Health,Good Health,0.9616755145568815
Women,Low Education,0,Good Health,Bad Health,0.03832448544311849
Women,Low Education,0,Bad Health,Good Health,0.2621915084999813
Women,Low Education,0,Bad Health,Bad Health,0.7378084915000187
Women,Low Education,1,Good Health,Good Health,0.9608220264639115
Women,Low Education,1,Good Health,Bad Health,0.03917797353608852
Women,Low Education,1,Bad Health,Good Health,0.25760133042039146
Women,Low Education,1,Bad Health,Bad Health,0.7423986695796085
Women,Low Education,2,Good Health,Good Health,0.9599503227204971
Women,Low Education,2,Good Health,Bad Health,0.040049677279502885
Women,Low Education,2,Bad Health,Good Health,0.25306394939912236
Women,Low Education,2,Bad Health,Bad Health,0.7469360506008776
Women,Low Education,3,Good Health,Good Health,0.959060050124864
Women,Low Education,3,Good Health,Bad Health,0.04093994987513601
Women,Low Education,3,Bad Health,Good Health,0.24857972935521666
Women,Low Education,3,Bad Health,Bad Health,0.7514202706447833
Women,Low Education,4,Good Health,Good Health,0.9581508502245737
Women,Low Education,4,Good Health,Bad Health,0.041849149775426364
Women,Low Education,4,Bad Health,Good Health,0.2441489958157711
Women,Low Education,4,Bad Health,Bad Health,0.7558510041842289
Women,Low Education,5,Good Health,Good Health,0.9572223593127493
Women,Low Education,5,Good Health,Bad Health,0.04277764068725066
Women,Low Education,5,Bad Health,Good Health,0.23977203649730994
Women,Low Education,5,Bad Health,Bad Health,0.7602279635026901
Women,Low Education,6,Good Health,Good Health,0.9562742084284819
Women,Low Education,6,Good Health,Bad Health,0.04372579157151808
Women,Low Education,6,Bad Health,Good Health,0.23544910192797264
Women,Low Education,6,Bad Health,Bad Health,0.7645508980720274
Women,Low Education,7,Good Health,Good Health,0.9553060233616348
Women,Low Education,7,Good Health,Bad Health,0.04469397663836511
Women,Low Education,7,Bad Health,Good Health,0.23118040610785417
Women,Low Education,7,Bad Health,Bad Health,0.7688195938921458
Women,Low Education,8,Good Health,Good Health,0.9543174246622753
Women,Low Education,8,Good Health,Bad Health,0.04568257533772466
Women,Low Education,8,Bad Health,Good Health,0.22696612720482268
Women,Low Education,8,Bad Health,Bad Health,0.7730338727951773
Women,Low Education,9,Good Health,Good Health,0.9533080276549629
Women,Low Education,9,Good Health,Bad Health,0.04669197234503708
Women,Low Education,9,Bad Health,Good Health,0.2228064082831469
Women,Low Education,9,Bad Health,Bad Health,0.7771935917168531
Women,Low Education,10,Good Health,Good Health,0.9522774424581357
Women,Low Education,10,Good Health,Bad Health,0.04772255754186426
Women,Low Education,10,Bad Health,Good Health,0.2187013580622822
Women,Low Education,10,Bad Health,Bad Health,0.7812986419377178
Women,Low Education,11,Good Health,Good Health,0.9512252740088385
Women,Low Education,11,Good Health,Bad Health,0.04877472599116155
Women,Low Education,11,Bad Health,Good Health,0.21465105170317766
Women,Low Education,11,Bad Health,Bad Health,0.7853489482968223
Women,Low Education,12,Good Health,Good Health,0.9501511220930439
Women,Low Education,12,Good Health,Bad Health,0.049848877906956114
Women,Low Education,12,Bad Health,Good Health,0.2106555316195079
Women,Low Education,12,Bad Health,Bad Health,0.7893444683804921
Women,Low Education,13,Good Health,Good Health,0.9490545813818259
Women,Low Education,13,Good Health,Bad Health,0.05094541861817415
Women,Low Education,13,Bad Health,Good Health,0.20671480831126376
Women,Low Education,13,Bad Health,Bad Health,0.7932851916887362
Women,Low Education,14,Good Health,Good Health,0.9479352414736466
Women,Low Education,14,Good Health,Bad Health,0.05206475852635344
Women,Low Education,14,Bad Health,Good Health,0.20282886121818344
Women,Low Education,14,Bad Health,Bad Health,0.7971711387818166
Women,Low Education,15,Good Health,Good Health,0.9467926869430285
Women,Low Education,15,Good Health,Bad Health,0.053207313056971406
Women,Low Education,15,Bad Health,Good Health,0.1989976395905616
Women,Low Education,15,Bad Health,Bad Health,0.8010023604094384
Women,Low Education,16,Good Health,Good Health,0.9456264973958861
Women,Low Education,16,Good Health,Bad Health,0.05437350260411388
Women,Low Education,16,Bad Health,Good Health,0.1952210633750241
Women,Low Education,16,Bad Health,Bad Health,0.8047789366249759
Women,Low Education,17,Good Health,Good Health,0.9444362475317964
Women,Low Education,17,Good Health,Bad Health,0.05556375246820358
Women,Low Education,17,Bad Health,Good Health,0.19149902411292863
Women,Low Education,17,Bad Health,Bad Health,0.8085009758870714
Women,Low Education,18,Good Health,Good Health,0.943221507213498
Women,Low Education,18,Good Health,Bad Health,0.056778492786502
Women,Low Education,18,Bad Health,Good Health,0.18783138584911485
Women,Low Education,18,Bad Health,Bad Health,0.8121686141508851
Women,Low Education,19,Good Health,Good Health,0.941981841543906
Women,Low Education,19,Good Health,Bad Health,0.058018158456093996
Women,Low Education,19,Bad Health,Good Health,0.18421798604879946
Women,Low Education,19,Bad Health,Bad Health,0.8157820139512005
Women,Low Education,20,Good Health,Good Health,0.9407168109509412
Women,Low Education,20,Good Health,Bad Health,0.059283189049058875
Women,Low Education,20,Bad Health,Good Health,0.1806586365204934
Women,Low Education,20,Bad Health,Bad Health,0.8193413634795066
Women,Low Education,21,Good Health,Good Health,0.9394259712804723
Women,Low Education,21,Good Health,Bad Health,0.06057402871952763
Women,Low Education,21,Bad Health,Good Health,0.17715312434289276
Women,Low Education,21,Bad Health,Bad Health,0.8228468756571072
Women,Low Education,22,Good Health,Good Health,0.9381088738976782
Women,Low Education,22,Good Health,Bad Health,0.061891126102321885
Women,Low Education,22,Bad Health,Good Health,0.17370121279378314
Women,Low Education,22,Bad Health,Bad Health,0.8262987872062169
Women,Low Education,23,Good Health,Good Health,0.9367650657971334
Women,Low Education,23,Good Health,Bad Health,0.06323493420286669
Women,Low Education,23,Bad Health,Good Health,0.17030264227907643
Women,Low Education,23,Bad Health,Bad Health,0.8296973577209236
Women,Low Education,24,Good Health,Good Health,0.9353940897219349
Women,Low Education,24,Good Health,Bad Health,0.06460591027806505
Women,Low Education,24,Bad Health,Good Health,0.1669571312601904
Women,Low Education,24,Bad Health,Bad Health,0.8330428687398096
Women,Low Education,25,Good Health,Good Health,0.9339954842921792
Women,Low Education,25,Good Health,Bad Health,0.06600451570782082
Women,Low Education,25,Bad Health,Good Health,0.16366437717806903
Women,Low Education,25,Bad Health,Bad Health,0.836335622821931
Women,Low Education,26,Good Health,Good Health,0.9325687841431067
Women,Low Education,26,Good Health,Bad Health,0.06743121585689323
Women,Low Education,26,Bad Health,Good Health,0.16042405737222698
Women,Low Education,26,Bad Health,Bad Health,0.839575942627773
Women,Low Education,27,Good Health,Good Health,0.9311135200732356
Women,Low Education,27,Good Health,Bad Health,0.06888647992676446
Women,Low Education,27,Bad Health,Good Health,0.15723582999329533
Women,Low Education,27,Bad Health,Bad Health,0.8427641700067047
Women,Low Education,28,Good Health,Good Health,0.9296292192027982
Women,Low Education,28,Good Health,Bad Health,0.07037078079720188
Women,Low Education,28,Bad Health,Good Health,0.1540993349076334
Women,Low Education,28,Bad Health,Bad Health,0.8459006650923666
Women,Low Education,29,Good Health,Good Health,0.9281154051428052
Women,Low Education,29,Good Health,Bad Health,0.0718845948571948
Women,Low Education,29,Bad Health,Good Health,0.15101419459266074
Women,Low Education,29,Bad Health,Bad Health,0.8489858054073393
Women,Low Education,30,Good Health,Good Health,0.9265715981750534
Women,Low Education,30,Good Health,Bad Health,0.07342840182494657
Women,Low Education,30,Bad Health,Good Health,0.14798001502165148
Women,Low Education,30,Bad Health,Bad Health,0.8520199849783485
Women,Low Education,31,Good Health,Good Health,0.9249973154433961
Women,Low Education,31,Good Health,Bad Health,0.07500268455660387
Women,Low Education,31,Bad Health,Good Health,0.144996386536824
Women,Low Education,31,Bad Health,Bad Health,0.855003613463176
Women,Low Education,32,Good Health,Good Health,0.923392071156593
Women,Low Education,32,Good Health,Bad Health,0.07660792884340696
Women,Low Education,32,Bad Health,Good Health,0.14206288470964135
Women,Low Education,32,Bad Health,Bad Health,0.8579371152903587
Women,Low Education,33,Good Health,Good Health,0.9217553768030531
Women,Low Education,33,Good Health,Bad Health,0.07824462319694689
Women,Low Education,33,Bad Health,Good Health,0.13917907118732498
Women,Low Education,33,Bad Health,Bad Health,0.860820928812675
Women,Low Education,34,Good Health,Good Health,0.9200867413777793
Women,Low Education,34,Good Health,Bad Health,0.07991325862222069
Women,Low Education,34,Bad Health,Good Health,0.1363444945246699
Women,Low Education,34,Bad Health,Bad Health,0.8636555054753301
Women,Low Education,35,Good Health,Good Health,0.9183856716218217
Women,Low Education,35,Good Health,Bad Health,0.08161432837817825
Women,Low Education,35,Bad Health,Good Health,0.13355869100032558
Women,Low Education,35,Bad Health,Bad Health,0.8664413089996744
Women,Low Education,36,Good Health,Good Health,0.9166516722745374
Women,Low Education,36,Good Health,Bad Health,0.08334832772546268
Women,Low Education,36,Bad Health,Good Health,0.1308211854167911
Women,Low Education,36,Bad Health,Bad Health,0.8691788145832089
Women,Low Education,37,Good Health,Good Health,0.9148842463389494
Women,Low Education,37,Good Health,Bad Health,0.08511575366105062
Women,Low Education,37,Bad Health,Good Health,0.12813149188344952
Women,Low Education,37,Bad Health,Bad Health,0.8718685081165505
Women,Low Education,38,Good Health,Good Health,0.9130828953604914
Women,Low Education,38,Good Health,Bad Health,0.0869171046395086
Women,Low Education,38,Bad Health,Good Health,0.12548911458203704
Women,Low Education,38,Bad Health,Bad Health,0.874510885417963
Women,Low Education,39,Good Health,Good Health,0.9112471197194101
Women,Low Education,39,Good Health,Bad Health,0.0887528802805899
Women,Low Education,39,Bad Health,Good Health,0.12289354851402012
Women,Low Education,39,Bad Health,Bad Health,0.8771064514859799
Women,Low Education,40,Good Health,Good Health,0.9093764189370928
Women,Low Education,40,Good Health,Bad Health,0.09062358106290723
Women,Low Education,40,Bad Health,Good Health,0.12034428022941979
Women,Low Education,40,Bad Health,Bad Health,0.8796557197705802
Women,Low Education,41,Good Health,Good Health,0.9074702919965714
Women,Low Education,41,Good Health,Bad Health,0.09252970800342858
Women,Low Education,41,Bad Health,Good Health,0.11784078853669
Women,Low Education,41,Bad Health,Bad Health,0.88215921146331
Women,Low Education,42,Good Health,Good Health,0.9055282376774438
Women,Low Education,42,Good Health,Bad Health,0.09447176232255619
Women,Low Education,42,Bad Health,Good Health,0.11538254519332136
Women,Low Education,42,Bad Health,Bad Health,0.8846174548066786
Women,Low Education,43,Good Health,Good Health,0.9035497549054352
Women,Low Education,43,Good Health,Bad Health,0.09645024509456485
Women,Low Education,43,Bad Health,Good Health,0.11296901557690175
Women,Low Education,43,Bad Health,Bad Health,0.8870309844230982
Women,Low Education,44,Good Health,Good Health,0.9015343431168101
Women,Low Education,44,Good Health,Bad Health,0.09846565688318991
Women,Low Education,44,Bad Health,Good Health,0.11059965933642424
Women,Low Education,44,Bad Health,Bad Health,0.8894003406635758
Women,Low Education,45,Good Health,Good Health,0.8994815026378243
Women,Low Education,45,Good Health,Bad Health,0.10051849736217568
Women,Low Education,45,Bad Health,Good Health,0.10827393102368776
Women,Low Education,45,Bad Health,Bad Health,0.8917260689763122
Women,Low Education,46,Good Health,Good Health,0.8973907350793877
Women,Low Education,46,Good Health,Bad Health,0.10260926492061227
Women,Low Education,46,Bad Health,Good Health,0.10599128070468844
Women,Low Education,46,Bad Health,Bad Health,0.8940087192953116
Women,Low Education,47,Good Health,Good Health,0.895261543747088
Women,Low Education,47,Good Health,Bad Health,0.104738456252912
Women,Low Education,47,Bad Health,Good Health,0.10375115455094985
Women,Low Education,47,Bad Health,Bad Health,0.8962488454490501
Women,Low Education,48,Good Health,Good Health,0.8930934340667022
Women,Low Education,48,Good Health,Bad Health,0.10690656593329782
Women,Low Education,48,Bad Health,Good Health,0.10155299541078544
Women,Low Education,48,Bad Health,Bad Health,0.8984470045892146
Women,Low Education,49,Good Health,Good Health,0.8908859140252974
Women,Low Education,49,Good Health,Bad Health,0.10911408597470262
Women,Low Education,49,Bad Health,Good Health,0.09939624336053066
Women,Low Education,49,Bad Health,Bad Health,0.9006037566394693
Women,Low Education,50,Good Health,Good Health,0.8886384946279962
Women,Low Education,50,Good Health,Bad Health,0.11136150537200379
Women,Low Education,50,Bad Health,Good Health,0.09728033623582644
Women,Low Education,50,Bad Health,Bad Health,0.9027196637641736
Women,Low Education,51,Good Health,Good Health,0.8863506903704539
Women,Low Education,51,Good Health,Bad Health,0.11364930962954611
Women,Low Education,51,Bad Health,Good Health,0.09520471014306786
Women,Low Education,51,Bad Health,Bad Health,0.9047952898569321
Women,Low Education,52,Good Health,Good Health,0.8840220197270626
Women,Low Education,52,Good Health,Bad Health,0.11597798027293735
Women,Low Education,52,Bad Health,Good Health,0.09316879995117344
Women,Low Education,52,Bad Health,Bad Health,0.9068312000488266
Women,Low Education,53,Good Health,Good Health,0.8816520056548681
Women,Low Education,53,Good Health,Bad Health,0.11834799434513187
Women,Low Education,53,Bad Health,Good Health,0.09117203976386157
Women,Low Education,53,Bad Health,Bad Health,0.9088279602361384
Women,Low Education,54,Good Health,Good Health,0.8792401761131463
Women,Low Education,54,Good Health,Bad Health,0.12075982388685366
Women,Low Education,54,Bad Health,Good Health,0.08921386337264592
Women,Low Education,54,Bad Health,Bad Health,0.9107861366273541
Women,Low Education,55,Good Health,Good Health,0.8767860645985551
Women,Low Education,55,Good Health,Bad Health,0.1232139354014449
Women,Low Education,55,Bad Health,Good Health,0.08729370469080011
Women,Low Education,55,Bad Health,Bad Health,0.9127062953091999
Women,Low Education,56,Good Health,Good Health,0.8742892106957342
Women,Low Education,56,Good Health,Bad Health,0.12571078930426582
Women,Low Education,56,Bad Health,Good Health,0.08541099816855813
Women,Low Education,56,Bad Health,Bad Health,0.9145890018314419
Women,Low Education,57,Good Health,Good Health,0.8717491606431885
Women,Low Education,57,Good Health,Bad Health,0.12825083935681145
Women,Low Education,57,Bad Health,Good Health,0.08356517918984274
Women,Low Education,57,Bad Health,Bad Health,0.9164348208101573
Women,Low Education,58,Good Health,Good Health,0.8691654679142466
Women,Low Education,58,Good Health,Bad Health,0.13083453208575335
Women,Low Education,58,Bad Health,Good Health,0.0817556844508378
Women,Low Education,58,Bad Health,Bad Health,0.9182443155491622
Women,Low Education,59,Good Health,Good Health,0.8665376938128412
Women,Low Education,59,Good Health,Bad Health,0.13346230618715882
Women,Low Education,59,Bad Health,Good Health,0.07998195232073724
Women,Low Education,59,Bad Health,Bad Health,0.9200180476792628
Women,Low Education,60,Good Health,Good Health,0.8638654080838136
Women,Low Education,60,Good Health,Bad Health,0.1361345919161864
Women,Low Education,60,Bad Health,Good Health,0.07824342318501898
Women,Low Education,60,Bad Health,Bad Health,0.921756576814981
Women,Low Education,61,Good Health,Good Health,0.8611481895373951
Women,Low Education,61,Good Health,Bad Health,0.13885181046260492
Women,Low Education,61,Bad Health,Good Health,0.07653953977161032
Women,Low Education,61,Bad Health,Bad Health,0.9234604602283897
Women,Low Education,62,Good Health,Good Health,0.8583856266874662
Women,Low Education,62,Good Health,Bad Health,0.1416143733125338
Women,Low Education,62,Bad Health,Good Health,0.07486974746031805
Women,Low Education,62,Bad Health,Bad Health,0.925130252539682
Women,Low Education,63,Good Health,Good Health,0.8555773184031469
Women,Low Education,63,Good Health,Bad Health,0.14442268159685315
Women,Low Education,63,Bad Health,Good Health,0.07323349457591866
Women,Low Education,63,Bad Health,Bad Health,0.9267665054240813
Women,Low Education,64,Good Health,Good Health,0.8527228745732118
Women,Low Education,64,Good Health,Bad Health,0.14727712542678822
Women,Low Education,64,Bad Health,Good Health,0.0716302326653
Women,Low Education,64,Bad Health,Bad Health,0.9283697673347
Women,Low Education,65,Good Health,Good Health,0.8498219167827744
Women,Low Education,65,Good Health,Bad Health,0.15017808321722562
Women,Low Education,65,Bad Health,Good Health,0.07005941675906391
Women,Low Education,65,Bad Health,Bad Health,0.9299405832409361
Women,Low Education,66,Good Health,Good Health,0.8468740790016214
Women,Low Education,66,Good Health,Bad Health,0.1531259209983786
Women,Low Education,66,Bad Health,Good Health,0.06852050561800294
Women,Low Education,66,Bad Health,Bad Health,0.9314794943819971
Women,Low Education,67,Good Health,Good Health,0.8438790082835258
Women,Low Education,67,Good Health,Bad Health,0.15612099171647417
Women,Low Education,67,Bad Health,Good Health,0.06701296196486417
Women,Low Education,67,Bad Health,Bad Health,0.9329870380351358
Women,Low Education,68,Good Health,Good Health,0.8408363654758021
Women,Low Education,68,Good Health,Bad Health,0.15916363452419793
Women,Low Education,68,Bad Health,Good Health,0.06553625270182639
Women,Low Education,68,Bad Health,Bad Health,0.9344637472981736
Women,Low Education,69,Good Health,Good Health,0.8377458259383086
Women,Low Education,69,Good Health,Bad Health,0.16225417406169143
Women,Low Education,69,Bad Health,Good Health,0.06408984911411086
Women,Low Education,69,Bad Health,Bad Health,0.9359101508858891
Women,Low Education,70,Good Health,Good Health,0.8346070802710401
Women,Low Education,70,Good Health,Bad Health,0.1653929197289599
Women,Low Education,70,Bad Health,Good Health,0.06267322706015066
Women,Low Education,70,Bad Health,Bad Health,0.9373267729398493
Women,High Education,0,Good Health,Good Health,0.9775116582520923
Women,High Education,0,Good Health,Bad Health,0.022488341747907686
Women,High Education,0,Bad Health,Good Health,0.37737872367488434
Women,High Education,0,Bad Health,Bad Health,0.6226212763251157
Women,High Education,1,Good Health,Good Health,0.976910870292128
Women,High Education,1,Good Health,Bad Health,0.023089129707872
Women,High Education,1,Bad Health,Good Health,0.36752659883547933
Women,High Education,1,Bad Health,Bad Health,0.6324734011645207
Women,High Education,2,Good Health,Good Health,0.9762944212001877
Women,High Education,2,Good Health,Bad Health,0.023705578799812308
Women,High Education,2,Bad Health,Good Health,0.35778387914328713
Women,High Education,2,Bad Health,Bad Health,0.6422161208567129
Women,High Education,3,Good Health,Good Health,0.975661923768775
Women,High Education,3,Good Health,Bad Health,0.024338076231224956
Women,High Education,3,Bad Health,Good Health,0.3481572590959787
Women,High Education,3,Bad Health,Bad Health,0.6518427409040213
Women,High Education,4,Good Health,Good Health,0.9750129823536572
Women,High Education,4,Good Health,Bad Health,0.024987017646342837
Women,High Education,4,Bad Health,Good Health,0.3386530709511597
Women,High Education,4,Bad Health,Bad Health,0.6613469290488403
Women,High Education,5,Good Health,Good Health,0.974347192752386
Women,High Education,5,Good Health,Bad Health,0.025652807247613946
Women,High Education,5,Bad Health,Good Health,0.3292772723440548
Women,High Education,5,Bad Health,Bad Health,0.6707227276559452
Women,High Education,6,Good Health,Good Health,0.9736641420847558
Women,High Education,6,Good Health,Bad Health,0.026335857915244138
Women,High Education,6,Bad Health,Good Health,0.3200354361904909
Women,High Education,6,Bad Health,Bad Health,0.6799645638095091
Women,High Education,7,Good Health,Good Health,0.9729634086754786
Women,High Education,7,Good Health,Bad Health,0.027036591324521356
Women,High Education,7,Bad Health,Good Health,0.3109327428634283
Women,High Education,7,Bad Health,Bad Health,0.6890672571365717
Women,High Education,8,Good Health,Good Health,0.9722445619393771
Women,High Education,8,Good Health,Bad Health,0.02775543806062286
Women,High Education,8,Bad Health,Good Health,0.30197397461039843
Women,High Education,8,Bad Health,Bad Health,0.6980260253896016
Women,High Education,9,Good Health,Good Health,0.9715071622694096
Women,High Education,9,Good Health,Bad Health,0.028492837730590366
Women,High Education,9,Bad Health,Good Health,0.29316351215973824
Women,High Education,9,Bad Health,Bad Health,0.7068364878402618
Women,High Education,10,Good Health,Good Health,0.9707507609278585
Women,High Education,10,Good Health,Bad Health,0.02924923907214149
Women,High Education,10,Bad Health,Good Health,0.2845053334456671
Women,High Education,10,Bad Health,Bad Health,0.7154946665543329
Women,High Education,11,Good Health,Good Health,0.9699748999410323
Women,High Education,11,Good Health,Bad Health,0.03002510005896775
Women,High Education,11,Bad Health,Good Health,0.27600301436621666
Women,High Education,11,Bad Health,Bad Health,0.7239969856337833
Women,High Education,12,Good Health,Good Health,0.9691791119978481
Women,High Education,12,Good Health,Bad Health,0.03082088800215183
Women,High Education,12,Bad Health,Good Health,0.2676597314739064
Women,High Education,12,Bad Health,Bad Health,0.7323402685260936
Women,High Education,13,Good Health,Good Health,0.9683629203526821
Women,High Education,13,Good Health,Bad Health,0.03163707964731793
Women,High Education,13,Bad Health,Good Health,0.2594782664869508
Women,High Education,13,Bad Health,Bad Health,0.7405217335130492
Women,High Education,14,Good Health,Good Health,0.9675258387328902
Women,High Education,14,Good Health,Bad Health,0.032474161267109836
Women,High Education,14,Bad Health,Good Health,0.25146101249872044
Women,High Education,14,Bad Health,Bad Health,0.7485389875012796
Women,High Education,15,Good Health,Good Health,0.9666673712514279
Women,High Education,15,Good Health,Bad Health,0.03333262874857211
Women,High Education,15,Bad Health,Good Health,0.24360998175516957
Women,High Education,15,Bad Health,Bad Health,0.7563900182448304
Women,High Education,16,Good Health,Good Health,0.9657870123250115
Women,High Education,16,Good Health,Bad Health,0.03421298767498851
Women,High Education,16,Bad Health,Good Health,0.23592681486394096
Women,High Education,16,Bad Health,Bad Health,0.764073185136059
Women,High Education,17,Good Health,Good Health,0.9648842465982873
Women,High Education,17,Good Health,Bad Health,0.0351157534017127
Women,High Education,17,Bad Health,Good Health,0.22841279129480863
Women,High Education,17,Bad Health,Bad Health,0.7715872087051914
Women,High Education,18,Good Health,Good Health,0.9639585488744966
Women,High Education,18,Good Health,Bad Health,0.03604145112550343
Women,High Education,18,Bad Health,Good Health,0.22106884102892643
Women,High Education,18,Bad Health,Bad Health,0.7789311589710736
Women,High Education,19,Good Health,Good Health,0.963009384053144
Women,High Education,19,Good Health,Bad Health,0.03699061594685604
Women,High Education,19,Bad Health,Good Health,0.21389555721388598
Women,High Education,19,Bad Health,Bad Health,0.786104442786114
Women,High Education,20,Good Health,Good Health,0.9620362070752007
Women,High Education,20,Good Health,Bad Health,0.03796379292479938
Women,High Education,20,Bad Health,Good Health,0.20689320968273572
Women,High Education,20,Bad Health,Bad Health,0.7931067903172643
Women,High Education,21,Good Health,Good Health,0.9610384628763949
Women,High Education,21,Good Health,Bad Health,0.038961537123605026
Women,High Education,21,Bad Health,Good Health,0.20006175919770353
Women,High Education,21,Bad Health,Bad Health,0.7999382408022965
Women,High Education,22,Good Health,Good Health,0.9600155863491667
Women,High Education,22,Good Health,Bad Health,0.03998441365083328
Women,High Education,22,Bad Health,Good Health,0.19340087228325142
Women,High Education,22,Bad Health,Bad Health,0.8065991277167486
Women,High Education,23,Good Health,Good Health,0.9589670023138837
Women,High Education,23,Good Health,Bad Health,0.04103299768611635
Women,High Education,23,Bad Health,Good Health,0.18690993651810395
Women,High Education,23,Bad Health,Bad Health,0.813090063481896
Women,High Education,24,Good Health,Good Health,0.9578921254999427
Women,High Education,24,Good Health,Bad Health,0.04210787450005723
Women,High Education,24,Bad Health,Good Health,0.18058807616185946
Women,High Education,24,Bad Health,Bad Health,0.8194119238381405
Women,High Education,25,Good Health,Good Health,0.9567903605374021
Women,High Education,25,Good Health,Bad Health,0.04320963946259795
Women,High Education,25,Bad Health,Good Health,0.17443416799855382
Women,High Education,25,Bad Health,Bad Health,0.8255658320014462
Women,High Education,26,Good Health,Good Health,0.955661101959812
Women,High Education,26,Good Health,Bad Health,0.044338898040188014
Women,High Education,26,Bad Health,Good Health,0.16844685728694553
Women,High Education,26,Bad Health,Bad Health,0.8315531427130545
Women,High Education,27,Good Health,Good Health,0.95450373421894
Women,High Education,27,Good Health,Bad Health,0.04549626578106002
Women,High Education,27,Bad Health,Good Health,0.16262457371514683
Women,High Education,27,Bad Health,Bad Health,0.8373754262848532
Women,High Education,28,Good Health,Good Health,0.9533176317121048
Women,High Education,28,Good Health,Bad Health,0.04668236828789524
Women,High Education,28,Bad Health,Good Health,0.1569655472654392
Women,High Education,28,Bad Health,Bad Health,0.8430344527345608
Women,High Education,29,Good Health,Good Health,0.9521021588228605
Women,High Education,29,Good Health,Bad Health,0.04789784117713951
Women,High Education,29,Bad Health,Good Health,0.1514678239034919
Women,High Education,29,Bad Health,Bad Health,0.8485321760965081
Women,High Education,30,Good Health,Good Health,0.9508566699757954
Women,High Education,30,Good Health,Bad Health,0.04914333002420458
Women,High Education,30,Bad Health,Good Health,0.1461292810146757
Women,High Education,30,Bad Health,Bad Health,0.8538707189853243
Women,High Education,31,Good Health,Good Health,0.949580509706231
Women,High Education,31,Good Health,Bad Health,0.05041949029376903
Women,High Education,31,Bad Health,Good Health,0.14094764251859337
Women,High Education,31,Bad Health,Bad Health,0.8590523574814066
Women,High Education,32,Good Health,Good Health,0.9482730127456317
Women,High Education,32,Good Health,Bad Health,0.051726987254368265
Women,High Education,32,Bad Health,Good Health,0.1359204936012327
Women,High Education,32,Bad Health,Bad Health,0.8640795063987673
Women,High Education,33,Good Health,Good Health,0.9469335041235577
Women,High Education,33,Good Health,Bad Health,0.05306649587644228
Women,High Education,33,Bad Health,Good Health,0.1310452950122305
Women,High Education,33,Bad Health,Bad Health,0.8689547049877695
Women,High Education,34,Good Health,Good Health,0.9455612992870126
Women,High Education,34,Good Health,Bad Health,0.05443870071298734
Women,High Education,34,Bad Health,Good Health,0.12631939688250737
Women,High Education,34,Bad Health,Bad Health,0.8736806031174926
Women,High Education,35,Good Health,Good Health,0.9441557042380625
Women,High Education,35,Good Health,Bad Health,0.055844295761937494
Women,High Education,35,Bad Health,Good Health,0.12174005202497229
Women,High Education,35,Bad Health,Bad Health,0.8782599479750277
Women,High Education,36,Good Health,Good Health,0.9427160156906179
Women,High Education,36,Good Health,Bad Health,0.05728398430938209
Women,High Education,36,Bad Health,Good Health,0.11730442868802293
Women,High Education,36,Bad Health,Bad Health,0.8826955713119771
Women,High Education,37,Good Health,Good Health,0.9412415212472944
Women,High Education,37,Good Health,Bad Health,0.05875847875270562
Women,High Education,37,Bad Health,Good Health,0.11300962273817183
Women,High Education,37,Bad Health,Bad Health,0.8869903772618282
Women,High Education,38,Good Health,Good Health,0.9397314995972796
Women,High Education,38,Good Health,Bad Health,0.060268500402720325
Women,High Education,38,Bad Health,Good Health,0.10885266925426973
Women,High Education,38,Bad Health,Bad Health,0.8911473307457303
Women,High Education,39,Good Health,Good Health,0.9381852207361556
Women,High Education,39,Good Health,Bad Health,0.06181477926384443
Women,High Education,39,Bad Health,Good Health,0.10483055352146442
Women,High Education,39,Bad Health,Bad Health,0.8951694464785356
Women,High Education,40,Good Health,Good Health,0.9366019462086349
Women,High Education,40,Good Health,Bad Health,0.06339805379136507
Women,High Education,40,Bad Health,Good Health,0.10094022141821835
Women,High Education,40,Bad Health,Bad Health,0.8990597785817817
Women,High Education,41,Good Health,Good Health,0.9349809293751878
Women,High Education,41,Good Health,Bad Health,0.06501907062481216
Women,High Education,41,Bad Health,Good Health,0.09717858919440714
Women,High Education,41,Bad Health,Bad Health,0.9028214108055929
Women,High Education,42,Good Health,Good Health,0.9333214157035412
Women,High Education,42,Good Health,Bad Health,0.06667858429645875
Women,High Education,42,Bad Health,Good Health,0.09354255264275113
Women,High Education,42,Bad Health,Bad Health,0.9064574473572489
Women,High Education,43,Good Health,Good Health,0.9316226430860448
Women,High Education,43,Good Health,Bad Health,0.06837735691395518
Women,High Education,43,Bad Health,Good Health,0.09002899566958122
Women,High Education,43,Bad Health,Bad Health,0.9099710043304188
Women,High Education,44,Good Health,Good Health,0.9298838421839023
Women,High Education,44,Good Health,Bad Health,0.07011615781609773
Women,High Education,44,Bad Health,Good Health,0.08663479827425791
Women,High Education,44,Bad Health,Bad Health,0.9133652017257421
Women,High Education,45,Good Health,Good Health,0.9281042367992696
Women,High Education,45,Good Health,Bad Health,0.07189576320073046
Women,High Education,45,Bad Health,Good Health,0.08335684394942611
Women,High Education,45,Bad Health,Bad Health,0.9166431560505739
Women,High Education,46,Good Health,Good Health,0.9262830442762227
Women,High Education,46,Good Health,Bad Health,0.07371695572377732
Women,High Education,46,Bad Health,Good Health,0.08019202651676838
Women,High Education,46,Bad Health,Bad Health,0.9198079734832316
Women,High Education,47,Good Health,Good Health,0.9244194759315943
Women,High Education,47,Good Health,Bad Health,0.07558052406840561
Women,High Education,47,Bad Health,Good Health,0.07713725641499047
Women,High Education,47,Bad Health,Bad Health,0.9228627435850095
Women,High Education,48,Good Health,Good Health,0.9225127375166721
Women,High Education,48,Good Health,Bad Health,0.07748726248332793
Women,High Education,48,Bad Health,Good Health,0.07418946645850422
Women,High Education,48,Bad Health,Bad Health,0.9258105335414958
Women,High Education,49,Good Health,Good Health,0.92056202971074
Women,High Education,49,Good Health,Bad Health,0.07943797028926
Women,High Education,49,Bad Health,Good Health,0.07134561708665876
Women,High Education,49,Bad Health,Bad Health,0.9286543829133412
Women,High Education,50,Good Health,Good Health,0.9185665486474335
Women,High Education,50,Good Health,Bad Health,0.08143345135256647
Women,High Education,50,Bad Health,Good Health,0.06860270112445577
Women,High Education,50,Bad Health,Bad Health,0.9313972988755442
Women,High Education,51,Good Health,Good Health,0.9165254864748549
Women,High Education,51,Good Health,Bad Health,0.08347451352514514
Women,High Education,51,Bad Health,Good Health,0.06595774807649635
Women,High Education,51,Bad Health,Bad Health,0.9340422519235037
Women,High Education,52,Good Health,Good Health,0.9144380319503761
Women,High Education,52,Good Health,Bad Health,0.08556196804962386
Women,High Education,52,Bad Health,Good Health,0.06340782797645506
Women,High Education,52,Bad Health,Bad Health,0.9365921720235449
Women,High Education,53,Good Health,Good Health,0.9123033710710277
Women,High Education,53,Good Health,Bad Health,0.08769662892897234
Women,High Education,53,Bad Health,Good Health,0.06095005481470672
Women,High Education,53,Bad Health,Bad Health,0.9390499451852933
Women,High Education,54,Good Health,Good Health,0.9101206877403345
Women,High Education,54,Good Health,Bad Health,0.08987931225966549
Women,High Education,54,Bad Health,Good Health,0.05858158956686188
Women,High Education,54,Bad Health,Bad Health,0.9414184104331381
Women,High Education,55,Good Health,Good Health,0.9078891644724265
Women,High Education,55,Good Health,Bad Health,0.09211083552757346
Women,High Education,55,Bad Health,Good Health,0.05629964284590927
Women,High Education,55,Bad Health,Bad Health,0.9437003571540907
Women,High Education,56,Good Health,Good Health,0.9056079831342005
Women,High Education,56,Good Health,Bad Health,0.09439201686579944
Women,High Education,56,Bad Health,Good Health,0.05410147720046332
Women,High Education,56,Bad Health,Bad Health,0.9458985227995367
Women,High Education,57,Good Health,Good Health,0.9032763257262624
Women,High Education,57,Good Health,Bad Health,0.09672367427373768
Women,High Education,57,Bad Health,Good Health,0.051984409081269
Women,High Education,57,Bad Health,Bad Health,0.948015590918731
Women,High Education,58,Good Health,Good Health,0.9008933752033182
Women,High Education,58,Good Health,Bad Health,0.09910662479668172
Women,High Education,58,Bad Health,Good Health,0.049945810497666665
Women,High Education,58,Bad Health,Bad Health,0.9500541895023333
Women,High Education,59,Good Health,Good Health,0.8984583163346216
Women,High Education,59,Good Health,Bad Health,0.10154168366537838
Women,High Education,59,Bad Health,Good Health,0.04798311038516223
Women,High Education,59,Bad Health,Bad Health,0.9520168896148378
Women,High Education,60,Good Health,Good Health,0.8959703366050052
Women,High Education,60,Good Health,Bad Health,0.10402966339499475
Women,High Education,60,Bad Health,Good Health,0.046093795704620355
Women,High Education,60,Bad Health,Bad Health,0.9539062042953796
Women,High Education,61,Good Health,Good Health,0.8934286271569554
Women,High Education,61,Good Health,Bad Health,0.10657137284304467
Women,High Education,61,Bad Health,Good Health,0.044275412292903105
Women,High Education,61,Bad Health,Bad Health,0.9557245877070969
Women,High Education,62,Good Health,Good Health,0.8908323837740915
Women,High Education,62,Good Health,Bad Health,0.10916761622590858
Women,High Education,62,Bad Health,Good Health,0.0425255654840232
Women,High Education,62,Bad Health,Bad Health,0.9574744345159768
Women,High Education,63,Good Health,Good Health,0.8881808079063243
Women,High Education,63,Good Health,Bad Health,0.1118191920936758
Women,High Education,63,Bad Health,Good Health,0.04084192051910762
Women,High Education,63,Bad Health,Bad Health,0.9591580794808924
Women,High Education,64,Good Health,Good Health,0.8854731077368598
Women,High Education,64,Good Health,Bad Health,0.11452689226314021
Women,High Education,64,Bad Health,Good Health,0.039222202762642655
Women,High Education,64,Bad Health,Bad Health,0.9607777972373573
Women,High Education,65,Good Health,Good Health,0.8827084992911063
Women,High Education,65,Good Health,Bad Health,0.11729150070889371
Women,High Education,65,Bad Health,Good Health,0.03766419774164731
Women,High Education,65,Bad Health,Bad Health,0.9623358022583527
Women,High Education,66,Good Health,Good Health,0.8798862075874203
Women,High Education,66,Good Health,Bad Health,0.12011379241257965
Women,High Education,66,Bad Health,Good Health,0.03616575102358477
Women,High Education,66,Bad Health,Bad Health,0.9638342489764152
Women,High Education,67,Good Health,Good Health,0.8770054678295012
Women,High Education,67,Good Health,Bad Health,0.1229945321704988
Women,High Education,67,Bad Health,Good Health,0.034724767947975854
Women,High Education,67,Bad Health,Bad Health,0.9652752320520241
Women,High Education,68,Good Health,Good Health,0.8740655266401037
Women,High Education,68,Good Health,Bad Health,0.12593447335989624
Women,High Education,68,Bad Health,Good Health,0.03333921322584843
Women,High Education,68,Bad Health,Bad Health,0.9666607867741516
Women,High Education,69,Good Health,Good Health,0.871065643335596
Women,High Education,69,Good Health,Bad Health,0.12893435666440403
Women,High Education,69,Bad Health,Good Health,0.03200711042032711
Women,High Education,69,Bad Health,Bad Health,0.9679928895796729
Women,High Education,70,Good Health,Good Health,0.86800509124073
Women,High Education,70,Good Health,Bad Health,0.13199490875926997
Women,High Education,70,Bad Health,Good Health,0.030726541320864054
Women,High Education,70,Bad Health,Bad Health,0.969273458679136
