sex,education,period,health,lead_health,transition_prob
Men,Low Education,0,Good Health,Good Health,0.969313884281506
Men,Low Education,0,Good Health,Bad Health,0.030686115718494045
Men,Low Education,0,Bad Health,Good Health,0.25339847825155326
Men,Low Education,0,Bad Health,Bad Health,0.7466015217484467
Men,Low Education,1,Good Health,Good Health,0.9684809355561617
Men,Low Education,1,Good Health,Bad Health,0.03151906444383834
Men,Low Education,1,Bad Health,Good Health,0.24794046746432408
Men,Low Education,1,Bad Health,Bad Health,0.7520595325356759
Men,Low Education,2,Good Health,Good Health,0.9676261322756158
Men,Low Education,2,Good Health,Bad Health,0.03237386772438426
Men,Low Education,2,Bad Health,Good Health,0.24256182380210622
Men,Low Education,2,Bad Health,Bad Health,0.7574381761978938
Men,Low Education,3,Good Health,Good Health,0.9667489424878732
Men,Low Education,3,Good Health,Bad Health,0.033251057512126744
Men,Low Education,3,Bad Health,Good Health,0.23726304973465717
Men,Low Education,3,Bad Health,Bad Health,0.7627369502653428
Men,Low Education,4,Good Health,Good Health,0.9658488235674095
Men,Low Education,4,Good Health,Bad Health,0.034151176432590455
Men,Low Education,4,Bad Health,Good Health,0.23204456649780492
Men,Low Education,4,Bad Health,Bad Health,0.7679554335021951
Men,Low Education,5,Good Health,Good Health,0.9649252221288238
Men,Low Education,5,Good Health,Bad Health,0.03507477787117613
Men,Low Education,5,Bad Health,Good Health,0.22690671590594247
Men,Low Education,5,Bad Health,Bad Health,0.7730932840940575
Men,Low Education,6,Good Health,Good Health,0.9639775739479519
Men,Low Education,6,Good Health,Bad Health,0.036022426052048126
Men,Low Education,6,Bad Health,Good Health,0.22184976227513342
Men,Low Education,6,Bad Health,Bad Health,0.7781502377248666
Men,Low Education,7,Good Health,Good Health,0.9630053038910376
Men,Low Education,7,Good Health,Bad Health,0.036994696108962395
Men,Low Education,7,Bad Health,Good Health,0.21687389444627858
Men,Low Education,7,Bad Health,Bad Health,0.7831261055537214
Men,Low Education,8,Good Health,Good Health,0.9620078258525923
Men,Low Education,8,Good Health,Bad Health,0.03799217414740777
Men,Low Education,8,Bad Health,Good Health,0.21197922789789192
Men,Low Education,8,Bad Health,Bad Health,0.7880207721021081
Men,Low Education,9,Good Health,Good Health,0.9609845427025944
Men,Low Education,9,Good Health,Bad Health,0.03901545729740567
Men,Low Education,9,Bad Health,Good Health,0.20716580693817876
Men,Low Education,9,Bad Health,Bad Health,0.7928341930618212
Men,Low Education,10,Good Health,Good Health,0.9599348462437137
Men,Low Education,10,Good Health,Bad Health,0.04006515375628632
Men,Low Education,10,Bad Health,Good Health,0.2024336069663084
Men,Low Education,10,Bad Health,Bad Health,0.7975663930336916
Men,Low Education,11,Good Health,Good Health,0.9588581171792689
Men,Low Education,11,Good Health,Bad Health,0.041141882820731085
Men,Low Education,11,Bad Health,Good Health,0.19778253679300106
Men,Low Education,11,Bad Health,Bad Health,0.8022174632069989
Men,Low Education,12,Good Health,Good Health,0.9577537250926574
Men,Low Education,12,Good Health,Bad Health,0.0422462749073426
Men,Low Education,12,Bad Health,Good Health,0.1932124410108239
Men,Low Education,12,Bad Health,Bad Health,0.8067875589891761
Men,Low Education,13,Good Health,Good Health,0.9566210284390246
Men,Low Education,13,Good Health,Bad Health,0.04337897156097536
Men,Low Education,13,Bad Health,Good Health,0.18872310240489298
Men,Low Education,13,Bad Health,Bad Health,0.811276897595107
Men,Low Education,14,Good Health,Good Health,0.9554593745499688
Men,Low Education,14,Good Health,Bad Health,0.04454062545003122
Men,Low Education,14,Bad Health,Good Health,0.18431424439501487
Men,Low Education,14,Bad Health,Bad Health,0.8156857556049851
Men,Low Education,15,Good Health,Good Health,0.9542680996521048
Men,Low Education,15,Good Health,Bad Health,0.045731900347895156
Men,Low Education,15,Bad Health,Good Health,0.17998553350065227
Men,Low Education,15,Bad Health,Bad Health,0.8200144664993477
Men,Low Education,16,Good Health,Good Health,0.9530465289003421
Men,Low Education,16,Good Health,Bad Health,0.04695347109965787
Men,Low Education,16,Bad Health,Good Health,0.17573658182048646
Men,Low Education,16,Bad Health,Bad Health,0.8242634181795135
Men,Low Education,17,Good Health,Good Health,0.9517939764267566
Men,Low Education,17,Good Health,Bad Health,0.04820602357324343
Men,Low Education,17,Bad Health,Good Health,0.17156694951873885
Men,Low Education,17,Bad Health,Bad Health,0.8284330504812611
Men,Low Education,18,Good Health,Good Health,0.9505097454059684
Men,Low Education,18,Good Health,Bad Health,0.04949025459403156
Men,Low Education,18,Bad Health,Good Health,0.16747614731082683
Men,Low Education,18,Bad Health,Bad Health,0.8325238526891732
Men,Low Education,19,Good Health,Good Health,0.9491931281379639
Men,Low Education,19,Good Health,Bad Health,0.05080687186203617
Men,Low Education,19,Bad Health,Good Health,0.16346363894134852
Men,Low Education,19,Bad Health,Bad Health,0.8365363610586515
Men,Low Education,20,Good Health,Good Health,0.9478434061493255
Men,Low Education,20,Good Health,Bad Health,0.05215659385067454
Men,Low Education,20,Bad Health,Good Health,0.15952884364782272
Men,Low Education,20,Bad Health,Bad Health,0.8404711563521773
Men,Low Education,21,Good Health,Good Health,0.9464598503138655
Men,Low Education,21,Good Health,Bad Health,0.05354014968613457
Men,Low Education,21,Bad Health,Good Health,0.1556711386040338
Men,Low Education,21,Bad Health,Bad Health,0.8443288613959662
Men,Low Education,22,Good Health,Good Health,0.9450417209936786
Men,Low Education,22,Good Health,Bad Health,0.054958279006321394
Men,Low Education,22,Bad Health,Good Health,0.15188986133727345
Men,Low Education,22,Bad Health,Bad Health,0.8481101386627266
Men,Low Education,23,Good Health,Good Health,0.9435882682016598
Men,Low Education,23,Good Health,Bad Health,0.0564117317983402
Men,Low Education,23,Bad Health,Good Health,0.14818431211419492
Men,Low Education,23,Bad Health,Bad Health,0.8518156878858051
Men,Low Education,24,Good Health,Good Health,0.9420987317865521
Men,Low Education,24,Good Health,Bad Health,0.0579012682134479
Men,Low Education,24,Bad Health,Good Health,0.144553756290427
Men,Low Education,24,Bad Health,Bad Health,0.855446243709573
Men,Low Education,25,Good Health,Good Health,0.9405723416416155
Men,Low Education,25,Good Health,Bad Health,0.05942765835838447
Men,Low Education,25,Bad Health,Good Health,0.14099742661951564
Men,Low Education,25,Bad Health,Bad Health,0.8590025733804844
Men,Low Education,26,Good Health,Good Health,0.9390083179380269
Men,Low Education,26,Good Health,Bad Health,0.060991682061973175
Men,Low Education,26,Bad Health,Good Health,0.13751452551717247
Men,Low Education,26,Bad Health,Bad Health,0.8624854744828275
Men,Low Education,27,Good Health,Good Health,0.9374058713841381
Men,Low Education,27,Good Health,Bad Health,0.0625941286158619
Men,Low Education,27,Bad Health,Good Health,0.13410422727721583
Men,Low Education,27,Bad Health,Bad Health,0.8658957727227842
Men,Low Education,28,Good Health,Good Health,0.9357642035117416
Men,Low Education,28,Good Health,Bad Health,0.06423579648825835
Men,Low Education,28,Bad Health,Good Health,0.13076568023598034
Men,Low Education,28,Bad Health,Bad Health,0.8692343197640197
Men,Low Education,29,Good Health,Good Health,0.9340825069904991
Men,Low Education,29,Good Health,Bad Health,0.06591749300950088
Men,Low Education,29,Bad Health,Good Health,0.1274980088823504
Men,Low Education,29,Bad Health,Bad Health,0.8725019911176496
Men,Low Education,30,Good Health,Good Health,0.9323599659717086
Men,Low Education,30,Good Health,Bad Health,0.06764003402829141
Men,Low Education,30,Bad Health,Good Health,0.1243003159109407
Men,Low Education,30,Bad Health,Bad Health,0.8756996840890593
Men,Low Education,31,Good Health,Good Health,0.9305957564625881
Men,Low Education,31,Good Health,Bad Health,0.0694042435374119
Men,Low Education,31,Bad Health,Good Health,0.1211716842162941
Men,Low Education,31,Bad Health,Bad Health,0.8788283157837059
Men,Low Education,32,Good Health,Good Health,0.9287890467322637
Men,Low Education,32,Good Health,Bad Health,0.07121095326773627
Men,Low Education,32,Bad Health,Good Health,0.11811117882630817
Men,Low Education,32,Bad Health,Bad Health,0.8818888211736918
Men,Low Education,33,Good Health,Good Health,0.9269389977506479
Men,Low Education,33,Good Health,Bad Health,0.07306100224935212
Men,Low Education,33,Bad Health,Good Health,0.1151178487734158
Men,Low Education,33,Bad Health,Bad Health,0.8848821512265842
Men,Low Education,34,Good Health,Good Health,0.9250447636613963
Men,Low Education,34,Good Health,Bad Health,0.07495523633860367
Men,Low Education,34,Bad Health,Good Health,0.11219072890235038
Men,Low Education,34,Bad Health,Bad Health,0.8878092710976496
Men,Low Education,35,Good Health,Good Health,0.9231054922901215
Men,Low Education,35,Good Health,Bad Health,0.07689450770987848
Men,Low Education,35,Bad Health,Good Health,0.10932884161361345
Men,Low Education,35,Bad Health,Bad Health,0.8906711583863866
Men,Low Education,36,Good Health,Good Health,0.9211203256890337
Men,Low Education,36,Good Health,Bad Health,0.07887967431096629
Men,Low Education,36,Bad Health,Good Health,0.10653119854202775
Men,Low Education,36,Bad Health,Bad Health,0.8934688014579723
Men,Low Education,37,Good Health,Good Health,0.9190884007191613
Men,Low Education,37,Good Health,Bad Health,0.08091159928083866
Men,Low Education,37,Bad Health,Good Health,0.10379680217001552
Men,Low Education,37,Bad Health,Bad Health,0.8962031978299845
Men,Low Education,38,Good Health,Good Health,0.9170088496712855
Men,Low Education,38,Good Health,Bad Health,0.08299115032871451
Men,Low Education,38,Bad Health,Good Health,0.10112464737547266
Men,Low Education,38,Bad Health,Bad Health,0.8988753526245273
Men,Low Education,39,Good Health,Good Health,0.9148808009266921
Men,Low Education,39,Good Health,Bad Health,0.08511919907330794
Men,Low Education,39,Bad Health,Good Health,0.09851372291432836
Men,Low Education,39,Bad Health,Bad Health,0.9014862770856716
Men,Low Education,40,Good Health,Good Health,0.9127033796588174
Men,Low Education,40,Good Health,Bad Health,0.08729662034118259
Men,Low Education,40,Bad Health,Good Health,0.0959630128380834
Men,Low Education,40,Bad Health,Bad Health,0.9040369871619166
Men,Low Education,41,Good Health,Good Health,0.9104757085768187
Men,Low Education,41,Good Health,Bad Health,0.08952429142318127
Men,Low Education,41,Bad Health,Good Health,0.09347149784680409
Men,Low Education,41,Bad Health,Bad Health,0.9065285021531959
Men,Low Education,42,Good Health,Good Health,0.9081969087120597
Men,Low Education,42,Good Health,Bad Health,0.09180309128794033
Men,Low Education,42,Bad Health,Good Health,0.09103815657821812
Men,Low Education,42,Bad Health,Bad Health,0.9089618434217819
Men,Low Education,43,Good Health,Good Health,0.9058661002484432
Men,Low Education,43,Good Health,Bad Health,0.09413389975155685
Men,Low Education,43,Bad Health,Good Health,0.08866196683371275
Men,Low Education,43,Bad Health,Bad Health,0.9113380331662873
Men,Low Education,44,Good Health,Good Health,0.9034824033974668
Men,Low Education,44,Good Health,Bad Health,0.09651759660253321
Men,Low Education,44,Bad Health,Good Health,0.08634190674217801
Men,Low Education,44,Bad Health,Bad Health,0.913658093257822
Men,Low Education,45,Good Health,Good Health,0.9010449393188035
Men,Low Education,45,Good Health,Bad Health,0.09895506068119655
Men,Low Education,45,Bad Health,Good Health,0.08407695586275621
Men,Low Education,45,Bad Health,Bad Health,0.9159230441372438
Men,Low Education,46,Good Health,Good Health,0.8985528310871346
Men,Low Education,46,Good Health,Bad Health,0.10144716891286545
Men,Low Education,46,Bad Health,Good Health,0.08186609622768093
Men,Low Education,46,Bad Health,Bad Health,0.9181339037723191
Men,Low Education,47,Good Health,Good Health,0.8960052047058754
Men,Low Education,47,Good Health,Bad Health,0.10399479529412456
Men,Low Education,47,Bad Health,Good Health,0.07970831332647577
Men,Low Education,47,Bad Health,Bad Health,0.9202916866735242
Men,Low Education,48,Good Health,Good Health,0.8934011901683381
Men,Low Education,48,Good Health,Bad Health,0.10659880983166198
Men,Low Education,48,Bad Health,Good Health,0.07760259703287631
Men,Low Education,48,Bad Health,Bad Health,0.9223974029671237
Men,Low Education,49,Good Health,Good Health,0.8907399225667691
Men,Low Education,49,Good Health,Bad Health,0.10926007743323082
Men,Low Education,49,Bad Health,Good Health,0.07554794247591334
Men,Low Education,49,Bad Health,Bad Health,0.9244520575240867
Men,Low Education,50,Good Health,Good Health,0.8880205432495901
Men,Low Education,50,Good Health,Bad Health,0.11197945675040992
Men,Low Education,50,Bad Health,Good Health,0.07354335085665364
Men,Low Education,50,Bad Health,Bad Health,0.9264566491433464
Men,Low Education,51,Good Health,Good Health,0.8852422010270352
Men,Low Education,51,Good Health,Bad Health,0.11475779897296483
Men,Low Education,51,Bad Health,Good Health,0.07158783021215187
Men,Low Education,51,Bad Health,Bad Health,0.9284121697878481
Men,Low Education,52,Good Health,Good Health,0.8824040534252552
Men,Low Education,52,Good Health,Bad Health,0.11759594657474486
Men,Low Education,52,Bad Health,Good Health,0.06968039612820853
Men,Low Education,52,Bad Health,Bad Health,0.9303196038717915
Men,Low Education,53,Good Health,Good Health,0.8795052679888015
Men,Low Education,53,Good Health,Bad Health,0.12049473201119852
Men,Low Education,53,Bad Health,Good Health,0.06782007240256271
Men,Low Education,53,Bad Health,Bad Health,0.9321799275974373
Men,Low Education,54,Good Health,Good Health,0.8765450236312541
Men,Low Education,54,Good Health,Bad Health,0.12345497636874592
Men,Low Education,54,Bad Health,Good Health,0.06600589166017445
Men,Low Education,54,Bad Health,Bad Health,0.9339941083398255
Men,Low Education,55,Good Health,Good Health,0.8735225120335861
Men,Low Education,55,Good Health,Bad Health,0.1264774879664139
Men,Low Education,55,Bad Health,Good Health,0.06423689592226678
Men,Low Education,55,Bad Health,Bad Health,0.9357631040777332
Men,Low Education,56,Good Health,Good Health,0.8704369390896805
Men,Low Education,56,Good Health,Bad Health,0.12956306091031958
Men,Low Education,56,Bad Health,Good Health,0.06251213713081138
Men,Low Education,56,Bad Health,Bad Health,0.9374878628691886
Men,Low Education,57,Good Health,Good Health,0.8672875263982253
Men,Low Education,57,Good Health,Bad Health,0.13271247360177477
Men,Low Education,57,Bad Health,Good Health,0.06083067763014249
Men,Low Education,57,Bad Health,Bad Health,0.9391693223698575
Men,Low Education,58,Good Health,Good Health,0.8640735128000139
Men,Low Education,58,Good Health,Bad Health,0.13592648719998615
Men,Low Education,58,Bad Health,Good Health,0.059191590607379996
Men,Low Education,58,Bad Health,Bad Health,0.94080840939262
Men,Low Education,59,Good Health,Good Health,0.860794155959465
Men,Low Education,59,Good Health,Bad Health,0.13920584404053504
Men,Low Education,59,Bad Health,Good Health,0.057593960493339647
Men,Low Education,59,Bad Health,Bad Health,0.9424060395066604
Men,Low Education,60,Good Health,Good Health,0.8574487339889574
Men,Low Education,60,Good Health,Bad Health,0.1425512660110426
Men,Low Education,60,Bad Health,Good Health,0.056036883325588316
Men,Low Education,60,Bad Health,Bad Health,0.9439631166744117
Men,Low Education,61,Good Health,Good Health,0.8540365471143431
Men,Low Education,61,Good Health,Bad Health,0.1459634528856569
Men,Low Education,61,Bad Health,Good Health,0.05451946707528965
Men,Low Education,61,Bad Health,Bad Health,0.9454805329247103
Men,Low Education,62,Good Health,Good Health,0.8505569193797609
Men,Low Education,62,Good Health,Bad Health,0.1494430806202391
Men,Low Education,62,Bad Health,Good Health,0.05304083193946063
Men,Low Education,62,Bad Health,Bad Health,0.9469591680605394
Men,Low Education,63,Good Health,Good Health,0.8470092003896239
Men,Low Education,63,Good Health,Bad Health,0.15299079961037615
Men,Low Education,63,Bad Health,Good Health,0.051600110600234506
Men,Low Education,63,Bad Health,Bad Health,0.9483998893997655
Men,Low Education,64,Good Health,Good Health,0.8433927670853947
Men,Low Education,64,Good Health,Bad Health,0.15660723291460535
Men,Low Education,64,Bad Health,Good Health,0.05019644845269877
Men,Low Education,64,Bad Health,Bad Health,0.9498035515473012
Men,Low Education,65,Good Health,Good Health,0.8397070255544979
Men,Low Education,65,Good Health,Bad Health,0.16029297444550206
Men,Low Education,65,Bad Health,Good Health,0.048829003802841164
Men,Low Education,65,Bad Health,Bad Health,0.9511709961971588
Men,Low Education,66,Good Health,Good Health,0.8359514128684443
Men,Low Education,66,Good Health,Bad Health,0.16404858713155568
Men,Low Education,66,Bad Health,Good Health,0.047496948037107134
Men,Low Education,66,Bad Health,Bad Health,0.9525030519628929
Men,Low Education,67,Good Health,Good Health,0.8321253989469635
Men,Low Education,67,Good Health,Bad Health,0.16787460105303653
Men,Low Education,67,Bad Health,Good Health,0.046199465765032866
Men,Low Education,67,Bad Health,Bad Health,0.9538005342349671
Men,Low Education,68,Good Health,Good Health,0.8282284884446589
Men,Low Education,68,Good Health,Bad Health,0.17177151155534104
Men,Low Education,68,Bad Health,Good Health,0.04493575493638147
Men,Low Education,68,Bad Health,Bad Health,0.9550642450636185
Men,Low Education,69,Good Health,Good Health,0.8242602226564105
Men,Low Education,69,Good Health,Bad Health,0.17573977734358945
Men,Low Education,69,Bad Health,Good Health,0.04370502693417
Men,Low Education,69,Bad Health,Bad Health,0.95629497306583
Men,Low Education,70,Good Health,Good Health,0.8202201814374604
Men,Low Education,70,Good Health,Bad Health,0.17977981856253958
Men,Low Education,70,Bad Health,Good Health,0.042506506644935604
Men,Low Education,70,Bad Health,Bad Health,0.9574934933550644
Men,High Education,0,Good Health,Good Health,0.9827235707930955
Men,High Education,0,Good Health,Bad Health,0.017276429206904538
Men,High Education,0,Bad Health,Good Health,0.33727021338599505
Men,High Education,0,Bad Health,Bad Health,0.662729786614005
Men,High Education,1,Good Health,Good Health,0.9821987175617307
Men,High Education,1,Good Health,Bad Health,0.01780128243826931
Men,High Education,1,Bad Health,Good Health,0.329117644411556
Men,High Education,1,Bad Health,Bad Health,0.670882355588444
Men,High Education,2,Good Health,Good Health,0.9816582170309415
Men,High Education,2,Good Health,Bad Health,0.01834178296905852
Men,High Education,2,Bad Health,Good Health,0.3210666704952647
Men,High Education,2,Bad Health,Bad Health,0.6789333295047353
Men,High Education,3,Good Health,Good Health,0.9811016210432725
Men,High Education,3,Good Health,Bad Health,0.018898378956727524
Men,High Education,3,Bad Health,Good Health,0.3131207216704789
Men,High Education,3,Bad Health,Bad Health,0.6868792783295211
Men,High Education,4,Good Health,Good Health,0.980528469733701
Men,High Education,4,Good Health,Bad Health,0.01947153026629899
Men,High Education,4,Bad Health,Good Health,0.30528299957749117
Men,High Education,4,Bad Health,Bad Health,0.6947170004225088
Men,High Education,5,Good Health,Good Health,0.9799382912939698
Men,High Education,5,Good Health,Bad Health,0.02006170870603021
Men,High Education,5,Bad Health,Good Health,0.29755647557711873
Men,High Education,5,Bad Health,Bad Health,0.7024435244228813
Men,High Education,6,Good Health,Good Health,0.9793306017367657
Men,High Education,6,Good Health,Bad Health,0.020669398263234332
Men,High Education,6,Bad Health,Good Health,0.28994388979489405
Men,High Education,6,Bad Health,Bad Health,0.710056110205106
Men,High Education,7,Good Health,Good Health,0.9787049046601154
Men,High Education,7,Good Health,Bad Health,0.021295095339884596
Men,High Education,7,Bad Health,Good Health,0.2824477510650141
Men,High Education,7,Bad Health,Bad Health,0.7175522489349859
Men,High Education,8,Good Health,Good Health,0.9780606910123983
Men,High Education,8,Good Health,Bad Health,0.02193930898760162
Men,High Education,8,Bad Health,Good Health,0.27507033773830925
Men,High Education,8,Bad Health,Bad Health,0.7249296622616908
Men,High Education,9,Good Health,Good Health,0.9773974388584064
Men,High Education,9,Good Health,Bad Health,0.02260256114159361
Men,High Education,9,Bad Health,Good Health,0.26781369931416266
Men,High Education,9,Bad Health,Bad Health,0.7321863006858373
Men,High Education,10,Good Health,Good Health,0.9767146131469122
Men,High Education,10,Good Health,Bad Health,0.023285386853087817
Men,High Education,10,Bad Health,Good Health,0.2606796588525657
Men,High Education,10,Bad Health,Bad Health,0.7393203411474343
Men,High Education,11,Good Health,Good Health,0.9760116654802419
Men,High Education,11,Good Health,Bad Health,0.023988334519758105
Men,High Education,11,Bad Health,Good Health,0.2536698161193418
Men,High Education,11,Bad Health,Bad Health,0.7463301838806582
Men,High Education,12,Good Health,Good Health,0.9752880338863812
Men,High Education,12,Good Health,Bad Health,0.02471196611361886
Men,High Education,12,Bad Health,Good Health,0.24678555141499947
Men,High Education,12,Bad Health,Bad Health,0.7532144485850005
Men,High Education,13,Good Health,Good Health,0.9745431425941808
Men,High Education,13,Good Health,Bad Health,0.025456857405819114
Men,High Education,13,Bad Health,Good Health,0.24002803003569118
Men,High Education,13,Bad Health,Bad Health,0.7599719699643088
Men,High Education,14,Good Health,Good Health,0.9737764018122673
Men,High Education,14,Good Health,Bad Health,0.0262235981877327
Men,High Education,14,Bad Health,Good Health,0.2333982073133244
Men,High Education,14,Bad Health,Bad Health,0.7666017926866756
Men,High Education,15,Good Health,Good Health,0.9729872075122993
Men,High Education,15,Good Health,Bad Health,0.02701279248770074
Men,High Education,15,Bad Health,Good Health,0.22689683418098572
Men,High Education,15,Bad Health,Bad Health,0.7731031658190143
Men,High Education,16,Good Health,Good Health,0.9721749412172586
Men,High Education,16,Good Health,Bad Health,0.027825058782741455
Men,High Education,16,Bad Health,Good Health,0.22052446320945984
Men,High Education,16,Bad Health,Bad Health,0.7794755367905402
Men,High Education,17,Good Health,Good Health,0.9713389697955005
Men,High Education,17,Good Health,Bad Health,0.028661030204499463
Men,High Education,17,Bad Health,Good Health,0.21428145506073526
Men,High Education,17,Bad Health,Bad Health,0.7857185449392647
Men,High Education,18,Good Health,Good Health,0.9704786452613379
Men,High Education,18,Good Health,Bad Health,0.029521354738662096
Men,High Education,18,Bad Health,Good Health,0.20816798530492464
Men,High Education,18,Bad Health,Bad Health,0.7918320146950754
Men,High Education,19,Good Health,Good Health,0.9695933045829759
Men,High Education,19,Good Health,Bad Health,0.030406695417024066
Men,High Education,19,Bad Health,Good Health,0.20218405154799057
Men,High Education,19,Bad Health,Bad Health,0.7978159484520094
Men,High Education,20,Good Health,Good Health,0.968682269498666
Men,High Education,20,Good Health,Bad Health,0.031317730501334
Men,High Education,20,Bad Health,Good Health,0.1963294808189735
Men,High Education,20,Bad Health,Bad Health,0.8036705191810265
Men,High Education,21,Good Health,Good Health,0.9677448463419933
Men,High Education,21,Good Health,Bad Health,0.03225515365800674
Men,High Education,21,Bad Health,Good Health,0.19060393716706403
Men,High Education,21,Bad Health,Bad Health,0.809396062832936
Men,High Education,22,Good Health,Good Health,0.9667803258772656
Men,High Education,22,Good Health,Bad Health,0.033219674122734445
Men,High Education,22,Bad Health,Good Health,0.18500692942077535
Men,High Education,22,Bad Health,Bad Health,0.8149930705792247
Men,High Education,23,Good Health,Good Health,0.9657879831460234
Men,High Education,23,Good Health,Bad Health,0.03421201685397657
Men,High Education,23,Bad Health,Good Health,0.17953781906363586
Men,High Education,23,Bad Health,Bad Health,0.8204621809363641
Men,High Education,24,Good Health,Good Health,0.9647670773257451
Men,High Education,24,Good Health,Bad Health,0.03523292267425492
Men,High Education,24,Bad Health,Good Health,0.17419582818317325
Men,High Education,24,Bad Health,Bad Health,0.8258041718168267
Men,High Education,25,Good Health,Good Health,0.9637168516018756
Men,High Education,25,Good Health,Bad Health,0.03628314839812441
Men,High Education,25,Bad Health,Good Health,0.16898004745248052
Men,High Education,25,Bad Health,Bad Health,0.8310199525475195
Men,High Education,26,Good Health,Good Health,0.9626365330543671
Men,High Education,26,Good Health,Bad Health,0.037363466945632896
Men,High Education,26,Bad Health,Good Health,0.16388944410628647
Men,High Education,26,Bad Health,Bad Health,0.8361105558937135
Men,High Education,27,Good Health,Good Health,0.9615253325599743
Men,High Education,27,Good Health,Bad Health,0.038474667440025694
Men,High Education,27,Bad Health,Good Health,0.1589228698761811
Men,High Education,27,Bad Health,Bad Health,0.8410771301238189
Men,High Education,28,Good Health,Good Health,0.9603824447116092
Men,High Education,28,Good Health,Bad Health,0.03961755528839086
Men,High Education,28,Bad Health,Good Health,0.15407906885241096
Men,High Education,28,Bad Health,Bad Health,0.845920931147589
Men,High Education,29,Good Health,Good Health,0.9592070477561191
Men,High Education,29,Good Health,Bad Health,0.04079295224388091
Men,High Education,29,Bad Health,Good Health,0.14935668524246248
Men,High Education,29,Bad Health,Bad Health,0.8506433147575375
Men,High Education,30,Good Health,Good Health,0.9579983035519143
Men,High Education,30,Good Health,Bad Health,0.04200169644808572
Men,High Education,30,Bad Health,Good Health,0.14475427099943317
Men,High Education,30,Bad Health,Bad Health,0.8552457290005668
Men,High Education,31,Good Health,Good Health,0.9567553575479307
Men,High Education,31,Good Health,Bad Health,0.04324464245206927
Men,High Education,31,Bad Health,Good Health,0.1402702932959511
Men,High Education,31,Bad Health,Bad Health,0.8597297067040489
Men,High Education,32,Good Health,Good Health,0.9554773387854792
Men,High Education,32,Good Health,Bad Health,0.04452266121452075
Men,High Education,32,Bad Health,Good Health,0.1359031418221014
Men,High Education,32,Bad Health,Bad Health,0.8640968581778986
Men,High Education,33,Good Health,Good Health,0.9541633599245921
Men,High Education,33,Good Health,Bad Health,0.045836640075407845
Men,High Education,33,Bad Health,Good Health,0.131651135888451
Men,High Education,33,Bad Health,Bad Health,0.868348864111549
Men,High Education,34,Good Health,Good Health,0.9528125172965425
Men,High Education,34,Good Health,Bad Health,0.04718748270345748
Men,High Education,34,Bad Health,Good Health,0.12751253131780038
Men,High Education,34,Bad Health,Bad Health,0.8724874686821996
Men,High Education,35,Good Health,Good Health,0.9514238909842727
Men,High Education,35,Good Health,Bad Health,0.04857610901572724
Men,High Education,35,Bad Health,Good Health,0.12348552711172633
Men,High Education,35,Bad Health,Bad Health,0.8765144728882737
Men,High Education,36,Good Health,Good Health,0.9499965449325315
Men,High Education,36,Good Health,Bad Health,0.05000345506746848
Men,High Education,36,Bad Health,Good Health,0.11956827188029939
Men,High Education,36,Bad Health,Bad Health,0.8804317281197006
Men,High Education,37,Good Health,Good Health,0.9485295270895779
Men,High Education,37,Good Health,Bad Health,0.051470472910422005
Men,High Education,37,Bad Health,Good Health,0.11575887002555818
Men,High Education,37,Bad Health,Bad Health,0.8842411299744418
Men,High Education,38,Good Health,Good Health,0.9470218695823728
Men,High Education,38,Good Health,Bad Health,0.05297813041762722
Men,High Education,38,Bad Health,Good Health,0.11205538767138579
Men,High Education,38,Bad Health,Bad Health,0.8879446123286142
Men,High Education,39,Good Health,Good Health,0.9454725889272317
Men,High Education,39,Good Health,Bad Health,0.054527411072768234
Men,High Education,39,Bad Health,Good Health,0.10845585833436289
Men,High Education,39,Bad Health,Bad Health,0.8915441416656371
Men,High Education,40,Good Health,Good Health,0.9438806862779754
Men,High Education,40,Good Health,Bad Health,0.056119313722024625
Men,High Education,40,Bad Health,Good Health,0.10495828833196896
Men,High Education,40,Bad Health,Bad Health,0.895041711668031
Men,High Education,41,Good Health,Good Health,0.9422451477136582
Men,High Education,41,Good Health,Bad Health,0.05775485228634175
Men,High Education,41,Bad Health,Good Health,0.10156066192614888
Men,High Education,41,Bad Health,Bad Health,0.8984393380738511
Men,High Education,42,Good Health,Good Health,0.9405649445680142
Men,High Education,42,Good Health,Bad Health,0.05943505543198575
Men,High Education,42,Bad Health,Good Health,0.0982609462017845
Men,High Education,42,Bad Health,Bad Health,0.9017390537982155
Men,High Education,43,Good Health,Good Health,0.938839033802798
Men,High Education,43,Good Health,Bad Health,0.06116096619720198
Men,High Education,43,Bad Health,Good Health,0.09505709568097986
Men,High Education,43,Bad Health,Bad Health,0.9049429043190201
Men,High Education,44,Good Health,Good Health,0.9370663584272456
Men,High Education,44,Good Health,Bad Health,0.0629336415727544
Men,High Education,44,Bad Health,Good Health,0.09194705667532199
Men,High Education,44,Bad Health,Bad Health,0.908052943324678
Men,High Education,45,Good Health,Good Health,0.9352458479659137
Men,High Education,45,Good Health,Bad Health,0.06475415203408634
Men,High Education,45,Bad Health,Good Health,0.08892877137938382
Men,High Education,45,Bad Health,Bad Health,0.9110712286206162
Men,High Education,46,Good Health,Good Health,0.933376418977188
Men,High Education,46,Good Health,Bad Health,0.06662358102281193
Men,High Education,46,Bad Health,Good Health,0.08600018170973134
Men,High Education,46,Bad Health,Bad Health,0.9139998182902687
Men,High Education,47,Good Health,Good Health,0.9314569756247771
Men,High Education,47,Good Health,Bad Health,0.06854302437522285
Men,High Education,47,Bad Health,Good Health,0.08315923289456262
Men,High Education,47,Bad Health,Bad Health,0.9168407671054374
Men,High Education,48,Good Health,Good Health,0.9294864103045226
Men,High Education,48,Good Health,Bad Health,0.07051358969547739
Men,High Education,48,Bad Health,Good Health,0.0804038768198625
Men,High Education,48,Bad Health,Bad Health,0.9195961231801375
Men,High Education,49,Good Health,Good Health,0.9274636043288708
Men,High Education,49,Good Health,Bad Health,0.07253639567112928
Men,High Education,49,Bad Health,Good Health,0.07773207513860203
Men,High Education,49,Bad Health,Bad Health,0.922267924861398
Men,High Education,50,Good Health,Good Health,0.9253874286713474
Men,High Education,50,Good Health,Bad Health,0.07461257132865258
Men,High Education,50,Bad Health,Good Health,0.0751418021500605
Men,High Education,50,Bad Health,Bad Health,0.9248581978499395
Men,High Education,51,Good Health,Good Health,0.9232567447733718
Men,High Education,51,Good Health,Bad Health,0.07674325522662821
Men,High Education,51,Bad Health,Good Health,0.07263104745679771
Men,High Education,51,Bad Health,Bad Health,0.9273689525432023
Men,High Education,52,Good Health,Good Health,0.9210704054157235
Men,High Education,52,Good Health,Bad Health,0.0789295945842765
Men,High Education,52,Bad Health,Good Health,0.07019781840716655
Men,High Education,52,Bad Health,Bad Health,0.9298021815928335
Men,High Education,53,Good Health,Good Health,0.9188272556569481
Men,High Education,53,Good Health,Bad Health,0.08117274434305183
Men,High Education,53,Bad Health,Good Health,0.06784014233154312
Men,High Education,53,Bad Health,Bad Health,0.9321598576684569
Men,High Education,54,Good Health,Good Health,0.9165261338409415
Men,High Education,54,Good Health,Bad Health,0.08347386615905852
Men,High Education,54,Bad Health,Good Health,0.06555606858065421
Men,High Education,54,Bad Health,Bad Health,0.9344439314193458
Men,High Education,55,Good Health,Good Health,0.9141658726758959
Men,High Education,55,Good Health,Bad Health,0.08583412732410409
Men,High Education,55,Bad Health,Good Health,0.06334367037452593
Men,High Education,55,Bad Health,Bad Health,0.9366563296254741
Men,High Education,56,Good Health,Good Health,0.9117453003867219
Men,High Education,56,Good Health,Bad Health,0.08825469961327813
Men,High Education,56,Bad Health,Good Health,0.06120104647065838
Men,High Education,56,Bad Health,Bad Health,0.9387989535293416
Men,High Education,57,Good Health,Good Health,0.9092632419429679
Men,High Education,57,Good Health,Bad Health,0.09073675805703209
Men,High Education,57,Bad Health,Good Health,0.05912632266004747
Men,High Education,57,Bad Health,Bad Health,0.9408736773399525
Men,High Education,58,Good Health,Good Health,0.9067185203641612
Men,High Education,58,Good Health,Bad Health,0.09328147963583883
Men,High Education,58,Bad Health,Good Health,0.05711765309965933
Men,High Education,58,Bad Health,Bad Health,0.9428823469003407
Men,High Education,59,Good Health,Good Health,0.9041099581043667
Men,High Education,59,Good Health,Bad Health,0.09589004189563335
Men,High Education,59,Bad Health,Good Health,0.05517322148988346
Men,High Education,59,Bad Health,Bad Health,0.9448267785101165
Men,High Education,60,Good Health,Good Health,0.9014363785176243
Men,High Education,60,Good Health,Bad Health,0.0985636214823757
Men,High Education,60,Bad Health,Good Health,0.05329124210538805
Men,High Education,60,Bad Health,Bad Health,0.946708757894612
Men,High Education,61,Good Health,Good Health,0.8986966074057623
Men,High Education,61,Good Health,Bad Health,0.10130339259423776
Men,High Education,61,Bad Health,Good Health,0.05146996068765741
Men,High Education,61,Bad Health,Bad Health,0.9485300393123426
Men,High Education,62,Good Health,Good Health,0.8958894746499033
Men,High Education,62,Good Health,Bad Health,0.10411052535009663
Men,High Education,62,Bad Health,Good Health,0.04970765520731679
Men,High Education,62,Bad Health,Bad Health,0.9502923447926832
Men,High Education,63,Good Health,Good Health,0.8930138159267803
Men,High Education,63,Good Health,Bad Health,0.10698618407321965
Men,High Education,63,Bad Health,Good Health,0.048002636504160145
Men,High Education,63,Bad Health,Bad Health,0.9519973634958399
Men,High Education,64,Good Health,Good Health,0.8900684745107477
Men,High Education,64,Good Health,Bad Health,0.10993152548925236
Men,High Education,64,Bad Health,Good Health,0.046353248812570746
Men,High Education,64,Bad Health,Bad Health,0.9536467511874293
Men,High Education,65,Good Health,Good Health,0.8870523031621318
Men,High Education,65,Good Health,Bad Health,0.11294769683786819
Men,High Education,65,Bad Health,Good Health,0.04475787017979738
Men,High Education,65,Bad Health,Bad Health,0.9552421298202026
Men,High Education,66,Good Health,Good Health,0.8839641661022866
Men,High Education,66,Good Health,Bad Health,0.11603583389771344
Men,High Education,66,Bad Health,Good Health,0.043214912784297344
Men,High Education,66,Bad Health,Bad Health,0.9567850872157027
Men,High Education,67,Good Health,Good Health,0.880802941075423
Men,High Education,67,Good Health,Bad Health,0.11919705892457695
Men,High Education,67,Bad Health,Good Health,0.0417228231610961
Men,High Education,67,Bad Health,Bad Health,0.9582771768389039
Men,High Education,68,Good Health,Good Health,0.8775675214969603
Men,High Education,68,Good Health,Bad Health,0.12243247850303969
Men,High Education,68,Bad Health,Good Health,0.04028008234085245
Men,High Education,68,Bad Health,Bad Health,0.9597199176591475
Men,High Education,69,Good Health,Good Health,0.8742568186877949
Men,High Education,69,Good Health,Bad Health,0.12574318131220508
Men,High Education,69,Bad Health,Good Health,0.038885205909038434
Men,High Education,69,Bad Health,Bad Health,0.9611147940909616
Men,High Education,70,Good Health,Good Health,0.87086976419351
Men,High Education,70,Good Health,Bad Health,0.12913023580649
Men,High Education,70,Bad Health,Good Health,0.037536743991371635
Men,High Education,70,Bad Health,Bad Health,0.9624632560086284
Women,Low Education,0,Good Health,Good Health,0.963059221066847
Women,Low Education,0,Good Health,Bad Health,0.03694077893315294
Women,Low Education,0,Bad Health,Good Health,0.26845088609305223
Women,Low Education,0,Bad Health,Bad Health,0.7315491139069478
Women,Low Education,1,Good Health,Good Health,0.9621602206223617
Women,Low Education,1,Good Health,Bad Health,0.03783977937763824
Women,Low Education,1,Bad Health,Good Health,0.263639579965955
Women,Low Education,1,Bad Health,Bad Health,0.736360420034045
Women,Low Education,2,Good Health,Good Health,0.9612402223939757
Women,Low Education,2,Good Health,Bad Health,0.03875977760602438
Women,Low Education,2,Bad Health,Good Health,0.2588839887202494
Women,Low Education,2,Bad Health,Bad Health,0.7411160112797506
Women,Low Education,3,Good Health,Good Health,0.9602987792144404
Women,Low Education,3,Good Health,Bad Health,0.03970122078555961
Women,Low Education,3,Bad Health,Good Health,0.2541845686414438
Women,Low Education,3,Bad Health,Bad Health,0.7458154313585562
Women,Low Education,4,Good Health,Good Health,0.9593354365196118
Women,Low Education,4,Good Health,Bad Health,0.040664563480388216
Women,Low Education,4,Bad Health,Good Health,0.24954173160571758
Women,Low Education,4,Bad Health,Bad Health,0.7504582683942824
Women,Low Education,5,Good Health,Good Health,0.9583497323339459
Women,Low Education,5,Good Health,Bad Health,0.04165026766605407
Women,Low Education,5,Bad Health,Good Health,0.24495584569715034
Women,Low Education,5,Bad Health,Bad Health,0.7550441543028497
Women,Low Education,6,Good Health,Good Health,0.9573411972625142
Women,Low Education,6,Good Health,Bad Health,0.04265880273748584
Women,Low Education,6,Bad Health,Good Health,0.24042723587841175
Women,Low Education,6,Bad Health,Bad Health,0.7595727641215883
Women,Low Education,7,Good Health,Good Health,0.9563093544899224
Women,Low Education,7,Good Health,Bad Health,0.043690645510077585
Women,Low Education,7,Bad Health,Good Health,0.23595618471160673
Women,Low Education,7,Bad Health,Bad Health,0.7640438152883933
Women,Low Education,8,Good Health,Good Health,0.9552537197865338
Women,Low Education,8,Good Health,Bad Health,0.04474628021346612
Women,Low Education,8,Bad Health,Good Health,0.23154293312593832
Women,Low Education,8,Bad Health,Bad Health,0.7684570668740617
Women,Low Education,9,Good Health,Good Health,0.9541738015224066
Women,Low Education,9,Good Health,Bad Health,0.04582619847759338
Women,Low Education,9,Bad Health,Good Health,0.2271876812288499
Women,Low Education,9,Bad Health,Bad Health,0.7728123187711501
Women,Low Education,10,Good Health,Good Health,0.9530691006893706
Women,Low Education,10,Good Health,Bad Health,0.04693089931062942
Women,Low Education,10,Bad Health,Good Health,0.22289058915730697
Women,Low Education,10,Bad Health,Bad Health,0.777109410842693
Women,Low Education,11,Good Health,Good Health,0.9519391109316808
Women,Low Education,11,Good Health,Bad Health,0.04806088906831923
Women,Low Education,11,Bad Health,Good Health,0.2186517779658933
Women,Low Education,11,Bad Health,Bad Health,0.7813482220341067
Women,Low Education,12,Good Health,Good Health,0.9507833185856971
Women,Low Education,12,Good Health,Bad Health,0.04921668141430292
Women,Low Education,12,Bad Health,Good Health,0.21447133054842915
Women,Low Education,12,Bad Health,Bad Health,0.7855286694515708
Women,Low Education,13,Good Health,Good Health,0.9496012027290517
Women,Low Education,13,Good Health,Bad Health,0.05039879727094836
Women,Low Education,13,Bad Health,Good Health,0.2103492925898529
Women,Low Education,13,Bad Health,Bad Health,0.7896507074101471
Women,Low Education,14,Good Health,Good Health,0.9483922352397794
Women,Low Education,14,Good Health,Bad Health,0.05160776476022053
Women,Low Education,14,Bad Health,Good Health,0.20628567354516036
Women,Low Education,14,Bad Health,Bad Health,0.7937143264548396
Women,Low Education,15,Good Health,Good Health,0.9471558808658974
Women,Low Education,15,Good Health,Bad Health,0.052844119134102585
Women,Low Education,15,Bad Health,Good Health,0.20228044764225284
Women,Low Education,15,Bad Health,Bad Health,0.7977195523577472
Women,Low Education,16,Good Health,Good Health,0.9458915973059303
Women,Low Education,16,Good Health,Bad Health,0.0541084026940697
Women,Low Education,16,Bad Health,Good Health,0.19833355490561355
Women,Low Education,16,Bad Health,Bad Health,0.8016664450943864
Women,Low Education,17,Good Health,Good Health,0.9445988353008927
Women,Low Education,17,Good Health,Bad Health,0.055401164699107226
Women,Low Education,17,Bad Health,Good Health,0.19444490219780797
Women,Low Education,17,Bad Health,Bad Health,0.805555097802192
Women,Low Education,18,Good Health,Good Health,0.9432770387382472
Women,Low Education,18,Good Health,Bad Health,0.05672296126175284
Women,Low Education,18,Bad Health,Good Health,0.1906143642758844
Women,Low Education,18,Bad Health,Bad Health,0.8093856357241156
Women,Low Education,19,Good Health,Good Health,0.9419256447683674
Women,Low Education,19,Good Health,Bad Health,0.058074355231632596
Women,Low Education,19,Bad Health,Good Health,0.18684178485984515
Women,Low Education,19,Bad Health,Bad Health,0.8131582151401548
Women,Low Education,20,Good Health,Good Health,0.9405440839340489
Women,Low Education,20,Good Health,Bad Health,0.05945591606595112
Women,Low Education,20,Bad Health,Good Health,0.18312697771044706
Women,Low Education,20,Bad Health,Bad Health,0.8168730222895529
Women,Low Education,21,Good Health,Good Health,0.9391317803136129
Women,Low Education,21,Good Health,Bad Health,0.060868219686387115
Women,Low Education,21,Bad Health,Good Health,0.17946972771369674
Women,Low Education,21,Bad Health,Bad Health,0.8205302722863033
Women,Low Education,22,Good Health,Good Health,0.9376881516781629
Women,Low Education,22,Good Health,Bad Health,0.062311848321837074
Women,Low Education,22,Bad Health,Good Health,0.17586979196950592
Women,Low Education,22,Bad Health,Bad Health,0.8241302080304941
Women,Low Education,23,Good Health,Good Health,0.9362126096635568
Women,Low Education,23,Good Health,Bad Health,0.06378739033644315
Women,Low Education,23,Bad Health,Good Health,0.1723269008820819
Women,Low Education,23,Bad Health,Bad Health,0.8276730991179181
Women,Low Education,24,Good Health,Good Health,0.9347045599576658
Women,Low Education,24,Good Health,Bad Health,0.06529544004233426
Women,Low Education,24,Bad Health,Good Health,0.1688407592497364
Women,Low Education,24,Bad Health,Bad Health,0.8311592407502636
Women,Low Education,25,Good Health,Good Health,0.9331634025034954
Women,Low Education,25,Good Health,Bad Health,0.06683659749650459
Women,Low Education,25,Bad Health,Good Health,0.16541104735191292
Women,Low Education,25,Bad Health,Bad Health,0.8345889526480871
Women,Low Education,26,Good Health,Good Health,0.9315885317187503
Women,Low Education,26,Good Health,Bad Health,0.06841146828124968
Women,Low Education,26,Bad Health,Good Health,0.16203742203134397
Women,Low Education,26,Bad Health,Bad Health,0.837962577968656
Women,Low Education,27,Good Health,Good Health,0.9299793367324238
Women,Low Education,27,Good Health,Bad Health,0.07002066326757612
Women,Low Education,27,Bad Health,Good Health,0.158719517769364
Women,Low Education,27,Bad Health,Bad Health,0.841280482230636
Women,Low Education,28,Good Health,Good Health,0.9283352016389981
Women,Low Education,28,Good Health,Bad Health,0.07166479836100195
Women,Low Education,28,Bad Health,Good Health,0.15545694775252306
Women,Low Education,28,Bad Health,Bad Health,0.8445430522474769
Women,Low Education,29,Good Health,Good Health,0.9266555057708384
Women,Low Education,29,Good Health,Bad Health,0.07334449422916157
Women,Low Education,29,Bad Health,Good Health,0.15224930492875932
Women,Low Education,29,Bad Health,Bad Health,0.8477506950712407
Women,Low Education,30,Good Health,Good Health,0.924939623989366
Women,Low Education,30,Good Health,Bad Health,0.07506037601063402
Women,Low Education,30,Bad Health,Good Health,0.14909616305150286
Women,Low Education,30,Bad Health,Bad Health,0.8509038369484971
Women,Low Education,31,Good Health,Good Health,0.9231869269955864
Women,Low Education,31,Good Health,Bad Health,0.0768130730044136
Women,Low Education,31,Bad Health,Good Health,0.14599707771020154
Women,Low Education,31,Bad Health,Bad Health,0.8540029222897985
Women,Low Education,32,Good Health,Good Health,0.9213967816605496
Women,Low Education,32,Good Health,Bad Health,0.07860321833945037
Women,Low Education,32,Bad Health,Good Health,0.14295158734586577
Women,Low Education,32,Bad Health,Bad Health,0.8570484126541342
Women,Low Education,33,Good Health,Good Health,0.9195685513763079
Women,Low Education,33,Good Health,Bad Health,0.08043144862369206
Women,Low Education,33,Bad Health,Good Health,0.1399592142503452
Women,Low Education,33,Bad Health,Bad Health,0.8600407857496548
Women,Low Education,34,Good Health,Good Health,0.9177015964279287
Women,Low Education,34,Good Health,Bad Health,0.08229840357207124
Women,Low Education,34,Bad Health,Good Health,0.13701946554815736
Women,Low Education,34,Bad Health,Bad Health,0.8629805344518426
Women,Low Education,35,Good Health,Good Health,0.9157952743871085
Women,Low Education,35,Good Health,Bad Health,0.08420472561289148
Women,Low Education,35,Bad Health,Good Health,0.1341318341597929
Women,Low Education,35,Bad Health,Bad Health,0.8658681658402071
Women,Low Education,36,Good Health,Good Health,0.9138489405279189
Women,Low Education,36,Good Health,Bad Health,0.0861510594720811
Women,Low Education,36,Bad Health,Good Health,0.13129579974552585
Women,Low Education,36,Bad Health,Bad Health,0.8687042002544741
Women,Low Education,37,Good Health,Good Health,0.9118619482652002
Women,Low Education,37,Good Health,Bad Health,0.08813805173479983
Women,Low Education,37,Bad Health,Good Health,0.1285108296288625
Women,Low Education,37,Bad Health,Bad Health,0.8714891703711375
Women,Low Education,38,Good Health,Good Health,0.9098336496160967
Women,Low Education,38,Good Health,Bad Health,0.09016635038390332
Women,Low Education,38,Bad Health,Good Health,0.12577637969884947
Women,Low Education,38,Bad Health,Bad Health,0.8742236203011505
Women,Low Education,39,Good Health,Good Health,0.9077633956852079
Women,Low Education,39,Good Health,Bad Health,0.09223660431479208
Women,Low Education,39,Bad Health,Good Health,0.12309189529056819
Women,Low Education,39,Bad Health,Bad Health,0.8769081047094318
Women,Low Education,40,Good Health,Good Health,0.9056505371738024
Women,Low Education,40,Good Health,Bad Health,0.09434946282619762
Women,Low Education,40,Bad Health,Good Health,0.12045681204322123
Women,Low Education,40,Bad Health,Bad Health,0.8795431879567788
Women,Low Education,41,Good Health,Good Health,0.9034944249135128
Women,Low Education,41,Good Health,Bad Health,0.0965055750864871
Women,Low Education,41,Bad Health,Good Health,0.11787055673531277
Women,Low Education,41,Bad Health,Bad Health,0.8821294432646872
Women,Low Education,42,Good Health,Good Health,0.9012944104249021
Women,Low Education,42,Good Health,Bad Health,0.09870558957509784
Women,Low Education,42,Bad Health,Good Health,0.11533254809650106
Women,Low Education,42,Bad Health,Bad Health,0.8846674519034989
Women,Low Education,43,Good Health,Good Health,0.8990498465012483
Women,Low Education,43,Good Health,Bad Health,0.10095015349875174
Women,Low Education,43,Bad Health,Good Health,0.1128421975957834
Women,Low Education,43,Bad Health,Bad Health,0.8871578024042166
Women,Low Education,44,Good Health,Good Health,0.8967600878178661
Women,Low Education,44,Good Health,Bad Health,0.10323991218213385
Women,Low Education,44,Bad Health,Good Health,0.11039891020575132
Women,Low Education,44,Bad Health,Bad Health,0.8896010897942487
Women,Low Education,45,Good Health,Good Health,0.8944244915672328
Women,Low Education,45,Good Health,Bad Health,0.10557550843276717
Women,Low Education,45,Bad Health,Good Health,0.10800208514271958
Women,Low Education,45,Bad Health,Bad Health,0.8919979148572804
Women,Low Education,46,Good Health,Good Health,0.8920424181201441
Women,Low Education,46,Good Health,Bad Health,0.10795758187985598
Women,Low Education,46,Bad Health,Good Health,0.10565111658260673
Women,Low Education,46,Bad Health,Bad Health,0.8943488834173933
Women,Low Education,47,Good Health,Good Health,0.8896132317130734
Women,Low Education,47,Good Health,Bad Health,0.11038676828692665
Women,Low Education,47,Bad Health,Good Health,0.10334539435250178
Women,Low Education,47,Bad Health,Bad Health,0.8966546056474982
Women,Low Education,48,Good Health,Good Health,0.8871363011618563
Women,Low Education,48,Good Health,Bad Health,0.11286369883814368
Women,Low Education,48,Bad Health,Good Health,0.10108430459792128
Women,Low Education,48,Bad Health,Bad Health,0.8989156954020787
Women,Low Education,49,Good Health,Good Health,0.8846110006017598
Women,Low Education,49,Good Health,Bad Health,0.11538899939824025
Women,Low Education,49,Bad Health,Good Health,0.09886723042580448
Women,Low Education,49,Bad Health,Bad Health,0.9011327695741955
Women,Low Education,50,Good Health,Good Health,0.8820367102539355
Women,Low Education,50,Good Health,Bad Health,0.11796328974606451
Women,Low Education,50,Bad Health,Good Health,0.0966935525233601
Women,Low Education,50,Bad Health,Bad Health,0.9033064474766399
Women,Low Education,51,Good Health,Good Health,0.879412817218191
Women,Low Education,51,Good Health,Bad Health,0.12058718278180897
Women,Low Education,51,Bad Health,Good Health,0.09456264975291484
Women,Low Education,51,Bad Health,Bad Health,0.9054373502470852
Women,Low Education,52,Good Health,Good Health,0.8767387162919376
Women,Low Education,52,Good Health,Bad Health,0.12326128370806247
Women,Low Education,52,Bad Health,Good Health,0.09247389972297004
Women,Low Education,52,Bad Health,Bad Health,0.90752610027703
Women,Low Education,53,Good Health,Good Health,0.8740138108151008
Women,Low Education,53,Good Health,Bad Health,0.1259861891848993
Women,Low Education,53,Bad Health,Good Health,0.09042667933570547
Women,Low Education,53,Bad Health,Bad Health,0.9095733206642945
Women,Low Education,54,Good Health,Good Health,0.8712375135407002
Women,Low Education,54,Good Health,Bad Health,0.12876248645929983
Women,Low Education,54,Bad Health,Good Health,0.08842036531121389
Women,Low Education,54,Bad Health,Bad Health,0.9115796346887861
Women,Low Education,55,Good Health,Good Health,0.868409247530718
Women,Low Education,55,Good Health,Bad Health,0.13159075246928198
Women,Low Education,55,Bad Health,Good Health,0.08645433468878028
Women,Low Education,55,Bad Health,Bad Health,0.9135456653112197
Women,Low Education,56,Good Health,Good Health,0.8655284470767896
Women,Low Education,56,Good Health,Bad Health,0.13447155292321047
Women,Low Education,56,Bad Health,Good Health,0.08452796530555906
Women,Low Education,56,Bad Health,Bad Health,0.9154720346944409
Women,Low Education,57,Good Health,Good Health,0.8625945586451551
Women,Low Education,57,Good Health,Bad Health,0.13740544135484486
Women,Low Education,57,Bad Health,Good Health,0.08264063625301976
Women,Low Education,57,Bad Health,Bad Health,0.9173593637469802
Women,Low Education,58,Good Health,Good Health,0.8596070418452165
Women,Low Education,58,Good Health,Bad Health,0.1403929581547835
Women,Low Education,58,Bad Health,Good Health,0.08079172831156933
Women,Low Education,58,Bad Health,Bad Health,0.9192082716884307
Women,Low Education,59,Good Health,Good Health,0.8565653704209379
Women,Low Education,59,Good Health,Bad Health,0.143434629579062
Women,Low Education,59,Bad Health,Good Health,0.07898062436377717
Women,Low Education,59,Bad Health,Bad Health,0.9210193756362228
Women,Low Education,60,Good Health,Good Health,0.853469033264229
Women,Low Education,60,Good Health,Bad Health,0.14653096673577107
Women,Low Education,60,Bad Health,Good Health,0.0772067097866469
Women,Low Education,60,Bad Health,Bad Health,0.9227932902133531
Women,Low Education,61,Good Health,Good Health,0.8503175354493347
Women,Low Education,61,Good Health,Bad Health,0.14968246455066522
Women,Low Education,61,Bad Health,Good Health,0.07546937282340094
Women,Low Education,61,Bad Health,Bad Health,0.9245306271765991
Women,Low Education,62,Good Health,Good Health,0.8471103992871516
Women,Low Education,62,Good Health,Bad Health,0.15288960071284838
Women,Low Education,62,Bad Health,Good Health,0.07376800493526015
Women,Low Education,62,Bad Health,Bad Health,0.9262319950647399
Women,Low Education,63,Good Health,Good Health,0.8438471653982624
Women,Low Education,63,Good Health,Bad Health,0.15615283460173762
Women,Low Education,63,Bad Health,Good Health,0.07210200113370968
Women,Low Education,63,Bad Health,Bad Health,0.9278979988662903
Women,Low Education,64,Good Health,Good Health,0.8405273938033754
Women,Low Education,64,Good Health,Bad Health,0.15947260619662462
Women,Low Education,64,Bad Health,Good Health,0.07047076029375421
Women,Low Education,64,Bad Health,Bad Health,0.9295292397062458
Women,Low Education,65,Good Health,Good Health,0.8371506650297235
Women,Low Education,65,Good Health,Bad Health,0.1628493349702765
Women,Low Education,65,Bad Health,Good Health,0.06887368544868067
Women,Low Education,65,Bad Health,Bad Health,0.9311263145513193
Women,Low Education,66,Good Health,Good Health,0.8337165812318582
Women,Low Education,66,Good Health,Bad Health,0.1662834187681418
Women,Low Education,66,Bad Health,Good Health,0.06731018406684319
Women,Low Education,66,Bad Health,Bad Health,0.9326898159331568
Women,Low Education,67,Good Health,Good Health,0.8302247673251473
Women,Low Education,67,Good Health,Bad Health,0.16977523267485273
Women,Low Education,67,Bad Health,Good Health,0.06577966831100046
Women,Low Education,67,Bad Health,Bad Health,0.9342203316889995
Women,Low Education,68,Good Health,Good Health,0.8266748721301573
Women,Low Education,68,Good Health,Bad Health,0.17332512786984267
Women,Low Education,68,Bad Health,Good Health,0.06428155528073098
Women,Low Education,68,Bad Health,Bad Health,0.935718444719269
Women,Low Education,69,Good Health,Good Health,0.8230665695259736
Women,Low Education,69,Good Health,Bad Health,0.1769334304740265
Women,Low Education,69,Bad Health,Good Health,0.0628152672384592
Women,Low Education,69,Bad Health,Bad Health,0.9371847327615408
Women,Low Education,70,Good Health,Good Health,0.8193995596103802
Women,Low Education,70,Good Health,Bad Health,0.1806004403896198
Women,Low Education,70,Bad Health,Good Health,0.061380231819624376
Women,Low Education,70,Bad Health,Bad Health,0.9386197681803756
Women,High Education,0,Good Health,Good Health,0.9762703484396528
Women,High Education,0,Good Health,Bad Health,0.023729651560347235
Women,High Education,0,Bad Health,Good Health,0.34834784030085086
Women,High Education,0,Bad Health,Bad Health,0.6516521596991491
Women,High Education,1,Good Health,Good Health,0.9756520069457828
Women,High Education,1,Good Health,Bad Health,0.02434799305421719
Women,High Education,1,Bad Health,Good Health,0.3400938322084336
Women,High Education,1,Bad Health,Bad Health,0.6599061677915664
Women,High Education,2,Good Health,Good Health,0.9750179651688275
Women,High Education,2,Good Health,Bad Health,0.024982034831172395
Women,High Education,2,Bad Health,Good Health,0.33193577869578317
Women,High Education,2,Bad Health,Bad Health,0.6680642213042168
Women,High Education,3,Good Health,Good Health,0.9743678461954206
Women,High Education,3,Good Health,Bad Health,0.025632153804579408
Women,High Education,3,Bad Health,Good Health,0.323877373197736
Women,High Education,3,Bad Health,Bad Health,0.676122626802264
Women,High Education,4,Good Health,Good Health,0.9737012652083374
Women,High Education,4,Good Health,Bad Health,0.02629873479166255
Women,High Education,4,Bad Health,Good Health,0.3159220879468787
Women,High Education,4,Bad Health,Bad Health,0.6840779120531213
Women,High Education,5,Good Health,Good Health,0.9730178293820458
Women,High Education,5,Good Health,Bad Health,0.02698217061795421
Women,High Education,5,Bad Health,Good Health,0.3080731708482728
Women,High Education,5,Bad Health,Bad Health,0.6919268291517272
Women,High Education,6,Good Health,Good Health,0.9723171377804347
Women,High Education,6,Good Health,Bad Health,0.027682862219565275
Women,High Education,6,Bad Health,Good Health,0.30033364329758205
Women,High Education,6,Bad Health,Bad Health,0.699666356702418
Women,High Education,7,Good Health,Good Health,0.9715987812569913
Women,High Education,7,Good Health,Bad Health,0.028401218743008716
Women,High Education,7,Bad Health,Good Health,0.2927062989198074
Women,High Education,7,Bad Health,Bad Health,0.7072937010801926
Women,High Education,8,Good Health,Good Health,0.9708623423577047
Women,High Education,8,Good Health,Bad Health,0.02913765764229529
Women,High Education,8,Bad Health,Good Health,0.28519370320036874
Women,High Education,8,Bad Health,Bad Health,0.7148062967996313
Women,High Education,9,Good Health,Good Health,0.9701073952269939
Women,High Education,9,Good Health,Bad Health,0.02989260477300611
Women,High Education,9,Bad Health,Good Health,0.2777981939753159
Women,High Education,9,Bad Health,Bad Health,0.7222018060246841
Women,High Education,10,Good Health,Good Health,0.9693335055169684
Women,High Education,10,Good Health,Bad Health,0.03066649448303164
Women,High Education,10,Bad Health,Good Health,0.27052188274304223
Women,High Education,10,Bad Health,Bad Health,0.7294781172569578
Women,High Education,11,Good Health,Good Health,0.9685402303003489
Women,High Education,11,Good Health,Bad Health,0.031459769699651176
Women,High Education,11,Bad Health,Good Health,0.26336665675602167
Women,High Education,11,Bad Health,Bad Health,0.7366333432439783
Women,High Education,12,Good Health,Good Health,0.9677271179873886
Women,High Education,12,Good Health,Bad Health,0.03227288201261136
Women,High Education,12,Bad Health,Good Health,0.25633418184781764
Women,High Education,12,Bad Health,Bad Health,0.7436658181521824
Women,High Education,13,Good Health,Good Health,0.9668937082471543
Women,High Education,13,Good Health,Bad Health,0.03310629175284578
Women,High Education,13,Bad Health,Good Health,0.24942590594789416
Women,High Education,13,Bad Health,Bad Health,0.7505740940521058
Women,High Education,14,Good Health,Good Health,0.9660395319335388
Women,High Education,14,Good Health,Bad Health,0.033960468066461205
Women,High Education,14,Bad Health,Good Health,0.24264306323462836
Women,High Education,14,Bad Health,Bad Health,0.7573569367653716
Women,High Education,15,Good Health,Good Health,0.9651641110164015
Women,High Education,15,Good Health,Bad Health,0.03483588898359848
Women,High Education,15,Bad Health,Good Health,0.23598667887532043
Women,High Education,15,Bad Health,Bad Health,0.7640133211246796
Women,High Education,16,Good Health,Good Health,0.9642669585182406
Women,High Education,16,Good Health,Bad Health,0.0357330414817594
Women,High Education,16,Bad Health,Good Health,0.2294575743009456
Women,High Education,16,Bad Health,Bad Health,0.7705424256990544
Women,High Education,17,Good Health,Good Health,0.9633475784568277
Women,High Education,17,Good Health,Bad Health,0.036652421543172296
Women,High Education,17,Bad Health,Good Health,0.22305637296283376
Women,High Education,17,Bad Health,Bad Health,0.7769436270371662
Women,High Education,18,Good Health,Good Health,0.9624054657942487
Women,High Education,18,Good Health,Bad Health,0.03759453420575126
Women,High Education,18,Bad Health,Good Health,0.21678350651838596
Women,High Education,18,Bad Health,Bad Health,0.783216493481614
Women,High Education,19,Good Health,Good Health,0.9614401063928146
Women,High Education,19,Good Health,Bad Health,0.03855989360718535
Women,High Education,19,Bad Health,Good Health,0.2106392213933077
Women,High Education,19,Bad Health,Bad Health,0.7893607786066923
Women,High Education,20,Good Health,Good Health,0.9604509769783247
Women,High Education,20,Good Health,Bad Health,0.039549023021675345
Women,High Education,20,Bad Health,Good Health,0.20462358566860617
Women,High Education,20,Bad Health,Bad Health,0.7953764143313938
Women,High Education,21,Good Health,Good Health,0.9594375451111834
Women,High Education,21,Good Health,Bad Health,0.04056245488881659
Women,High Education,21,Bad Health,Good Health,0.19873649624174639
Women,High Education,21,Bad Health,Bad Health,0.8012635037582536
Women,High Education,22,Good Health,Good Health,0.9583992691658931
Women,High Education,22,Good Health,Bad Health,0.0416007308341069
Women,High Education,22,Bad Health,Good Health,0.19297768621282962
Women,High Education,22,Bad Health,Bad Health,0.8070223137871704
Women,High Education,23,Good Health,Good Health,0.9573355983194605
Women,High Education,23,Good Health,Bad Health,0.042664401680539525
Women,High Education,23,Bad Health,Good Health,0.18734673244841848
Women,High Education,23,Bad Health,Bad Health,0.8126532675515815
Women,High Education,24,Good Health,Good Health,0.9562459725492787
Women,High Education,24,Good Health,Bad Health,0.04375402745072129
Women,High Education,24,Bad Health,Good Health,0.18184306327764244
Women,High Education,24,Bad Health,Bad Health,0.8181569367223576
Women,High Education,25,Good Health,Good Health,0.9551298226410636
Women,High Education,25,Good Health,Bad Health,0.044870177358936426
Women,High Education,25,Bad Health,Good Health,0.17646596627743005
Women,High Education,25,Bad Health,Bad Health,0.82353403372257
Women,High Education,26,Good Health,Good Health,0.9539865702074433
Women,High Education,26,Good Health,Bad Health,0.04601342979255678
Women,High Education,26,Bad Health,Good Health,0.17121459610610335
Women,High Education,26,Bad Health,Bad Health,0.8287854038938967
Women,High Education,27,Good Health,Good Health,0.9528156277178201
Women,High Education,27,Good Health,Bad Health,0.04718437228217991
Women,High Education,27,Bad Health,Good Health,0.16608798234708777
Women,High Education,27,Bad Health,Bad Health,0.8339120176529122
Women,High Education,28,Good Health,Good Health,0.9516163985401435
Women,High Education,28,Good Health,Bad Health,0.04838360145985656
Women,High Education,28,Bad Health,Good Health,0.16108503732710322
Women,High Education,28,Bad Health,Bad Health,0.8389149626728968
Women,High Education,29,Good Health,Good Health,0.9503882769952501
Women,High Education,29,Good Health,Bad Health,0.04961172300474992
Women,High Education,29,Bad Health,Good Health,0.15620456387588122
Women,High Education,29,Bad Health,Bad Health,0.8437954361241188
Women,High Education,30,Good Health,Good Health,0.9491306484244502
Women,High Education,30,Good Health,Bad Health,0.05086935157554989
Women,High Education,30,Bad Health,Good Health,0.15144526299716887
Women,High Education,30,Bad Health,Bad Health,0.8485547370028311
Women,High Education,31,Good Health,Good Health,0.9478428892710526
Women,High Education,31,Good Health,Bad Health,0.0521571107289473
Women,High Education,31,Bad Health,Good Health,0.14680574142348957
Women,High Education,31,Bad Health,Bad Health,0.8531942585765104
Women,High Education,32,Good Health,Good Health,0.9465243671765459
Women,High Education,32,Good Health,Bad Health,0.05347563282345411
Women,High Education,32,Bad Health,Good Health,0.14228451902983363
Women,High Education,32,Bad Health,Bad Health,0.8577154809701664
Women,High Education,33,Good Health,Good Health,0.9451744410921616
Women,High Education,33,Good Health,Bad Health,0.05482555890783838
Women,High Education,33,Bad Health,Good Health,0.13788003608410027
Women,High Education,33,Bad Health,Bad Health,0.8621199639158997
Women,High Education,34,Good Health,Good Health,0.9437924614065741
Women,High Education,34,Good Health,Bad Health,0.05620753859342583
Women,High Education,34,Bad Health,Good Health,0.13359066031470346
Women,High Education,34,Bad Health,Bad Health,0.8664093396852965
Women,High Education,35,Good Health,Good Health,0.9423777700904965
Women,High Education,35,Good Health,Bad Health,0.05762222990950349
Women,High Education,35,Bad Health,Good Health,0.12941469377826675
Women,High Education,35,Bad Health,Bad Health,0.8705853062217332
Women,High Education,36,Good Health,Good Health,0.9409297008589546
Women,High Education,36,Good Health,Bad Health,0.05907029914104547
Women,High Education,36,Bad Health,Good Health,0.1253503795127423
Women,High Education,36,Bad Health,Bad Health,0.8746496204872577
Women,High Education,37,Good Health,Good Health,0.9394475793520333
Women,High Education,37,Good Health,Bad Health,0.06055242064796674
Women,High Education,37,Bad Health,Good Health,0.12139590796360067
Women,High Education,37,Bad Health,Bad Health,0.8786040920363993
Women,High Education,38,Good Health,Good Health,0.9379307233349018
Women,High Education,38,Good Health,Bad Health,0.062069276665098205
Women,High Education,38,Bad Health,Good Health,0.11754942317292905
Women,High Education,38,Bad Health,Bad Health,0.882450576827071
Women,High Education,39,Good Health,Good Health,0.936378442917936
Women,High Education,39,Good Health,Bad Health,0.0636215570820639
Women,High Education,39,Bad Health,Good Health,0.11380902872334275
Women,High Education,39,Bad Health,Bad Health,0.8861909712766572
Women,High Education,40,Good Health,Good Health,0.9347900407977687
Women,High Education,40,Good Health,Bad Health,0.0652099592022313
Women,High Education,40,Bad Health,Good Health,0.11017279343055064
Women,High Education,40,Bad Health,Bad Health,0.8898272065694494
Women,High Education,41,Good Health,Good Health,0.9331648125201026
Women,High Education,41,Good Health,Bad Health,0.06683518747989732
Women,High Education,41,Bad Health,Good Health,0.1066387567802295
Women,High Education,41,Bad Health,Bad Health,0.8933612432197705
Women,High Education,42,Good Health,Good Health,0.931502046765134
Women,High Education,42,Good Health,Bad Health,0.06849795323486599
Women,High Education,42,Bad Health,Good Health,0.10320493410651788
Women,High Education,42,Bad Health,Bad Health,0.8967950658934821
Women,High Education,43,Good Health,Good Health,0.9298010256564315
Women,High Education,43,Good Health,Bad Health,0.07019897434356853
Women,High Education,43,Bad Health,Good Health,0.09986932151099703
Women,High Education,43,Bad Health,Bad Health,0.900130678489003
Women,High Education,44,Good Health,Good Health,0.9280610250941251
Women,High Education,44,Good Health,Bad Health,0.07193897490587485
Women,High Education,44,Bad Health,Good Health,0.09662990052240672
Women,High Education,44,Bad Health,Bad Health,0.9033700994775933
Women,High Education,45,Good Health,Good Health,0.9262813151132547
Women,High Education,45,Good Health,Bad Health,0.07371868488674523
Women,High Education,45,Bad Health,Good Health,0.09348464249863875
Women,High Education,45,Bad Health,Bad Health,0.9065153575013613
Women,High Education,46,Good Health,Good Health,0.9244611602681262
Women,High Education,46,Good Health,Bad Health,0.07553883973187384
Women,High Education,46,Bad Health,Good Health,0.09043151277367267
Women,High Education,46,Bad Health,Bad Health,0.9095684872263273
Women,High Education,47,Good Health,Good Health,0.9225998200435195
Women,High Education,47,Good Health,Bad Health,0.0774001799564805
Women,High Education,47,Bad Health,Good Health,0.08746847455315876
Women,High Education,47,Bad Health,Bad Health,0.9125315254468412
Women,High Education,48,Good Health,Good Health,0.9206965492935828
Women,High Education,48,Good Health,Bad Health,0.07930345070641719
Women,High Education,48,Bad Health,Good Health,0.084593492563238
Women,High Education,48,Bad Health,Bad Health,0.915406507436762
Women,High Education,49,Good Health,Good Health,0.9187505987092343
Women,High Education,49,Good Health,Bad Health,0.08124940129076577
Women,High Education,49,Bad Health,Good Health,0.08180453645799113
Women,High Education,49,Bad Health,Bad Health,0.9181954635420089
Women,High Education,50,Good Health,Good Health,0.9167612153148789
Women,High Education,50,Good Health,Bad Health,0.08323878468512118
Women,High Education,50,Bad Health,Good Health,0.07909958399157735
Women,High Education,50,Bad Health,Bad Health,0.9209004160084227
Women,High Education,51,Good Health,Good Health,0.9147276429952289
Women,High Education,51,Good Health,Bad Health,0.08527235700477111
Women,High Education,51,Bad Health,Good Health,0.07647662396171517
Women,High Education,51,Bad Health,Bad Health,0.9235233760382848
Women,High Education,52,Good Health,Good Health,0.9126491230529913
Women,High Education,52,Good Health,Bad Health,0.08735087694700872
Women,High Education,52,Bad Health,Good Health,0.07393365893163084
Women,High Education,52,Bad Health,Bad Health,0.9260663410683692
Women,High Education,53,Good Health,Good Health,0.9105248947981588
Women,High Education,53,Good Health,Bad Health,0.08947510520184118
Women,High Education,53,Bad Health,Good Health,0.07146870773800607
Women,High Education,53,Bad Health,Bad Health,0.9285312922619939
Women,High Education,54,Good Health,Good Health,0.9083541961696111
Women,High Education,54,Good Health,Bad Health,0.09164580383038888
Women,High Education,54,Bad Health,Good Health,0.06907980779276535
Women,High Education,54,Bad Health,Bad Health,0.9309201922072347
Women,High Education,55,Good Health,Good Health,0.9061362643896917
Women,High Education,55,Good Health,Bad Health,0.09386373561030831
Women,High Education,55,Bad Health,Good Health,0.06676501718678518
Women,High Education,55,Bad Health,Bad Health,0.9332349828132148
Women,High Education,56,Good Health,Good Health,0.9038703366523885
Women,High Education,56,Good Health,Bad Health,0.0961296633476115
Women,High Education,56,Bad Health,Good Health,0.06452241660377678
Women,High Education,56,Bad Health,Bad Health,0.9354775833962232
Women,High Education,57,Good Health,Good Health,0.9015556508456958
Women,High Education,57,Good Health,Bad Health,0.0984443491543042
Women,High Education,57,Bad Health,Good Health,0.062350111052701496
Women,High Education,57,Bad Health,Bad Health,0.9376498889472985
Women,High Education,58,Good Health,Good Health,0.8991914463086843
Women,High Education,58,Good Health,Bad Health,0.10080855369131565
Women,High Education,58,Bad Health,Good Health,0.06024623142713004
Women,High Education,58,Bad Health,Bad Health,0.93975376857287
Women,High Education,59,Good Health,Good Health,0.8967769646237473
Women,High Education,59,Good Health,Bad Health,0.1032230353762527
Women,High Education,59,Bad Health,Good Health,0.05820893589995446
Women,High Education,59,Bad Health,Bad Health,0.9417910641000455
Women,High Education,60,Good Health,Good Health,0.8943114504444255
Women,High Education,60,Good Health,Bad Health,0.1056885495555745
Women,High Education,60,Bad Health,Good Health,0.05623641116181888
Women,High Education,60,Bad Health,Bad Health,0.9437635888381811
Women,High Education,61,Good Health,Good Health,0.8917941523591457
Women,High Education,61,Good Health,Bad Health,0.10820584764085432
Women,High Education,61,Bad Health,Good Health,0.05432687351154575
Women,High Education,61,Bad Health,Bad Health,0.9456731264884543
Women,High Education,62,Good Health,Good Health,0.8892243237911268
Women,High Education,62,Good Health,Bad Health,0.11077567620887321
Women,High Education,62,Bad Health,Good Health,0.052478569806716946
Women,High Education,62,Bad Health,Bad Health,0.947521430193283
Women,High Education,63,Good Health,Good Health,0.8866012239346288
Women,High Education,63,Good Health,Bad Health,0.11339877606537119
Women,High Education,63,Bad Health,Good Health,0.05068977828241317
Women,High Education,63,Bad Health,Bad Health,0.9493102217175868
Women,High Education,64,Good Health,Good Health,0.8839241187276252
Women,High Education,64,Good Health,Bad Health,0.11607588127237481
Women,High Education,64,Bad Health,Good Health,0.048958809245942314
Women,High Education,64,Bad Health,Bad Health,0.9510411907540577
Women,High Education,65,Good Health,Good Health,0.8811922818608865
Women,High Education,65,Good Health,Bad Health,0.11880771813911346
Women,High Education,65,Bad Health,Good Health,0.04728400565518265
Women,High Education,65,Bad Health,Bad Health,0.9527159943448174
Women,High Education,66,Good Health,Good Health,0.8784049958233561
Women,High Education,66,Good Health,Bad Health,0.1215950041766439
Women,High Education,66,Bad Health,Good Health,0.04566374358794589
Women,High Education,66,Bad Health,Bad Health,0.9543362564120541
Women,High Education,67,Good Health,Good Health,0.8755615529835895
Women,High Education,67,Good Health,Bad Health,0.1244384470164105
Women,High Education,67,Bad Health,Good Health,0.0440964326095411
Women,High Education,67,Bad Health,Bad Health,0.9559035673904589
Women,High Education,68,Good Health,Good Health,0.8726612567069114
Women,High Education,68,Good Health,Bad Health,0.1273387432930886
Women,High Education,68,Bad Health,Good Health,0.04258051604545943
Women,High Education,68,Bad Health,Bad Health,0.9574194839545406
Women,High Education,69,Good Health,Good Health,0.869703422507817
Women,High Education,69,Good Health,Bad Health,0.130296577492183
Women,High Education,69,Bad Health,Good Health,0.04111447116585687
Women,High Education,69,Bad Health,Bad Health,0.9588855288341431
Women,High Education,70,Good Health,Good Health,0.8666873792370159
Women,High Education,70,Good Health,Bad Health,0.13331262076298409
Women,High Education,70,Bad Health,Good Health,0.03969680928824293
Women,High Education,70,Bad Health,Bad Health,0.9603031907117571
